,chr13:32907415:T/A,chr3:30715619:C/G,chr3:30715617:G/T,chr8:38314915:G/T,chr10:131506192:C/T,chr10:131506283:C/T,chr1:158612236:A/G,cluster_id
M04_1:cell_1,0,0,0,0,1,1,0,1
M04_1:cell_10,0,0,0,0,1,1,0,1
M04_1:cell_100,0,0,0,0,1,1,1,1
M04_1:cell_101,1,0,0,0,0,0,1,0
M04_1:cell_102,1,1,1,-1,0,0,1,2
M04_1:cell_103,-1,0,0,0,1,1,1,1
M04_1:cell_104,1,1,1,-1,0,0,1,0
M04_1:cell_105,1,1,1,0,1,1,-1,0
M04_1:cell_106,1,1,1,0,1,1,0,0
M04_1:cell_107,0,0,0,0,1,1,1,1
M04_1:cell_108,-1,0,0,0,1,1,1,1
M04_1:cell_109,0,0,0,0,1,1,1,1
M04_1:cell_11,0,0,0,0,1,1,1,1
M04_1:cell_110,0,0,0,0,1,1,0,1
M04_1:cell_111,0,0,0,0,1,1,1,1
M04_1:cell_112,0,0,0,0,-1,-1,1,1
M04_1:cell_113,0,0,0,0,1,1,0,1
M04_1:cell_114,0,0,0,0,1,1,1,1
M04_1:cell_115,0,0,0,0,0,0,-1,1
M04_1:cell_116,1,-1,-1,0,1,1,1,0
M04_1:cell_117,0,0,0,0,1,1,0,1
M04_1:cell_118,0,0,0,0,1,1,1,1
M04_1:cell_119,0,0,0,0,1,1,-1,1
M04_1:cell_12,1,0,0,0,0,0,1,0
M04_1:cell_120,-1,0,0,0,-1,-1,-1,1
M04_1:cell_121,0,0,0,0,1,1,1,0
M04_1:cell_122,0,0,0,0,1,1,1,1
M04_1:cell_123,0,0,0,0,0,0,1,1
M04_1:cell_124,0,0,0,0,1,1,1,1
M04_1:cell_125,0,0,0,0,1,1,0,1
M04_1:cell_126,1,0,0,0,1,1,0,0
M04_1:cell_127,0,0,0,0,1,1,1,1
M04_1:cell_128,0,0,0,0,1,1,1,1
M04_1:cell_129,-1,-1,-1,0,-1,-1,1,0
M04_1:cell_13,1,1,1,0,0,0,1,0
M04_1:cell_130,0,0,0,0,1,1,1,1
M04_1:cell_131,0,0,0,0,1,1,1,1
M04_1:cell_132,0,0,0,0,0,0,0,1
M04_1:cell_133,0,0,0,0,0,0,1,1
M04_1:cell_134,0,1,1,0,1,1,0,1
M04_1:cell_135,0,0,0,0,0,0,1,1
M04_1:cell_136,1,-1,-1,0,-1,-1,0,0
M04_1:cell_137,0,0,0,0,1,1,0,1
M04_1:cell_138,0,0,0,0,1,1,0,1
M04_1:cell_139,0,0,0,0,1,1,1,1
M04_1:cell_14,1,0,0,0,1,1,0,1
M04_1:cell_140,0,0,0,0,1,1,0,1
M04_1:cell_141,0,0,0,0,1,1,0,1
M04_1:cell_142,0,0,0,0,0,0,1,1
M04_1:cell_143,0,0,0,0,1,1,1,1
M04_1:cell_144,1,0,0,0,1,1,0,0
M04_1:cell_145,0,1,1,-1,1,1,1,2
M04_1:cell_146,0,0,0,0,0,0,1,1
M04_1:cell_147,0,0,0,0,1,1,-1,1
M04_1:cell_148,0,0,0,0,0,0,-1,1
M04_1:cell_149,0,0,0,-1,1,1,1,1
M04_1:cell_15,0,0,0,0,1,1,-1,1
M04_1:cell_150,0,0,0,0,1,1,1,1
M04_1:cell_151,0,0,0,0,1,1,1,1
M04_1:cell_152,0,0,0,-1,1,1,1,1
M04_1:cell_153,0,0,0,0,1,1,1,1
M04_1:cell_154,0,0,0,0,1,1,0,1
M04_1:cell_155,0,0,0,0,0,0,0,1
M04_1:cell_156,0,0,0,0,1,1,1,1
M04_1:cell_157,0,0,0,0,1,1,1,1
M04_1:cell_158,-1,0,0,0,1,1,-1,0
M04_1:cell_159,0,0,0,0,1,1,1,1
M04_1:cell_16,0,0,0,0,1,1,-1,1
M04_1:cell_160,1,1,1,-1,0,0,0,2
M04_1:cell_161,0,0,0,0,1,1,1,1
M04_1:cell_162,0,0,0,0,0,0,1,1
M04_1:cell_163,0,0,0,0,1,1,1,1
M04_1:cell_164,0,0,0,0,0,0,1,1
M04_1:cell_165,0,0,0,0,1,1,1,1
M04_1:cell_166,0,0,0,0,1,1,-1,2
M04_1:cell_167,0,0,0,0,1,1,1,1
M04_1:cell_168,1,-1,-1,0,1,1,1,0
M04_1:cell_169,1,0,0,0,1,1,0,0
M04_1:cell_17,0,0,0,0,1,1,1,1
M04_1:cell_170,0,0,0,0,1,1,-1,1
M04_1:cell_171,0,0,0,0,1,1,1,1
M04_1:cell_172,0,0,0,0,1,1,1,1
M04_1:cell_173,0,0,0,0,1,1,1,1
M04_1:cell_174,0,0,0,0,1,1,0,1
M04_1:cell_175,0,0,0,0,1,1,1,1
M04_1:cell_176,0,0,0,0,1,1,1,1
M04_1:cell_177,0,0,0,0,1,1,1,1
M04_1:cell_178,0,0,0,0,0,0,1,1
M04_1:cell_179,0,0,0,0,1,1,0,1
M04_1:cell_18,0,0,0,0,1,1,-1,1
M04_1:cell_180,1,1,1,0,-1,-1,0,0
M04_1:cell_181,0,0,0,0,1,1,1,1
M04_1:cell_182,-1,0,0,0,1,1,0,1
M04_1:cell_183,0,0,0,0,-1,-1,1,1
M04_1:cell_184,0,0,0,0,1,1,0,1
M04_1:cell_185,1,0,0,0,1,1,1,0
M04_1:cell_186,0,0,0,0,1,1,0,1
M04_1:cell_187,0,1,1,0,1,1,0,0
M04_1:cell_188,0,0,0,0,1,1,0,1
M04_1:cell_189,0,0,0,0,1,1,1,0
M04_1:cell_19,0,0,0,0,1,1,1,1
M04_1:cell_190,0,0,0,0,1,1,1,1
M04_1:cell_191,0,0,0,0,1,1,1,1
M04_1:cell_192,0,0,0,0,1,1,1,1
M04_1:cell_193,1,-1,-1,0,1,1,1,0
M04_1:cell_194,0,0,0,0,1,1,1,1
M04_1:cell_195,0,0,0,0,0,0,1,1
M04_1:cell_196,0,0,0,-1,1,1,0,1
M04_1:cell_197,0,0,0,0,1,1,1,1
M04_1:cell_198,0,0,0,0,1,1,0,1
M04_1:cell_199,0,0,0,0,1,1,1,1
M04_1:cell_2,-1,0,0,0,1,1,1,1
M04_1:cell_20,0,0,0,0,1,1,1,1
M04_1:cell_200,0,0,0,0,1,1,1,1
M04_1:cell_201,0,0,0,0,1,1,1,1
M04_1:cell_202,1,0,0,0,1,1,0,2
M04_1:cell_203,0,0,0,-1,0,0,-1,1
M04_1:cell_204,0,0,0,0,1,1,1,1
M04_1:cell_205,0,0,0,0,1,1,1,1
M04_1:cell_206,0,0,0,0,1,1,1,1
M04_1:cell_207,1,0,0,0,1,1,0,0
M04_1:cell_208,0,0,0,0,0,0,0,1
M04_1:cell_209,0,0,0,0,1,1,1,1
M04_1:cell_21,1,0,0,0,1,1,1,0
M04_1:cell_210,0,0,0,0,0,0,-1,1
M04_1:cell_211,0,0,0,0,1,1,-1,1
M04_1:cell_212,0,0,0,0,0,0,0,1
M04_1:cell_213,0,0,0,0,1,1,1,1
M04_1:cell_214,0,0,0,0,1,1,1,1
M04_1:cell_215,0,0,0,0,1,1,1,1
M04_1:cell_216,0,0,0,0,1,1,0,1
M04_1:cell_217,0,1,1,-1,1,1,1,0
M04_1:cell_218,0,0,0,0,0,0,0,1
M04_1:cell_219,0,0,0,0,1,1,1,1
M04_1:cell_22,0,0,0,0,1,1,1,1
M04_1:cell_220,0,0,0,0,1,1,1,1
M04_1:cell_221,0,0,0,0,1,1,-1,1
M04_1:cell_222,0,0,0,0,1,1,1,1
M04_1:cell_223,0,0,0,0,1,1,1,1
M04_1:cell_224,0,0,0,0,1,1,-1,1
M04_1:cell_225,1,0,0,0,1,1,0,0
M04_1:cell_226,0,0,0,0,1,1,1,1
M04_1:cell_227,0,0,0,0,1,1,0,1
M04_1:cell_228,0,-1,-1,-1,1,1,0,0
M04_1:cell_229,0,0,0,0,1,1,0,1
M04_1:cell_23,0,1,1,0,1,1,1,1
M04_1:cell_230,1,0,0,-1,1,1,0,0
M04_1:cell_231,-1,0,0,0,0,0,0,1
M04_1:cell_232,1,1,1,0,1,1,1,0
M04_1:cell_233,1,0,0,-1,1,1,0,0
M04_1:cell_234,0,0,0,0,1,1,1,1
M04_1:cell_235,1,1,1,0,0,0,0,0
M04_1:cell_236,0,0,0,0,1,1,1,1
M04_1:cell_237,1,0,0,0,1,1,1,0
M04_1:cell_238,0,0,0,0,1,1,-1,1
M04_1:cell_239,0,0,0,0,1,1,1,1
M04_1:cell_24,0,0,0,0,1,1,1,1
M04_1:cell_240,0,0,0,0,1,1,1,1
M04_1:cell_241,1,-1,-1,0,1,1,0,0
M04_1:cell_242,1,1,1,0,1,1,0,0
M04_1:cell_243,0,0,0,0,1,1,0,1
M04_1:cell_244,1,1,1,-1,1,1,1,0
M04_1:cell_245,0,0,0,-1,1,1,-1,1
M04_1:cell_246,0,0,0,0,1,1,1,1
M04_1:cell_247,0,0,0,-1,0,0,0,1
M04_1:cell_248,0,0,0,0,1,1,1,1
M04_1:cell_249,1,1,1,0,1,1,1,0
M04_1:cell_25,1,-1,-1,0,1,1,1,0
M04_1:cell_250,0,0,0,0,1,1,1,2
M04_1:cell_251,0,0,0,0,1,1,1,1
M04_1:cell_252,0,0,0,0,0,0,1,1
M04_1:cell_253,0,0,0,0,1,1,1,1
M04_1:cell_254,0,0,0,0,1,1,0,1
M04_1:cell_255,0,0,0,0,1,1,1,1
M04_1:cell_256,0,0,0,0,1,1,1,1
M04_1:cell_257,0,0,0,0,1,1,1,1
M04_1:cell_258,0,0,0,0,1,1,-1,1
M04_1:cell_259,1,-1,-1,0,1,1,0,0
M04_1:cell_26,0,0,0,0,1,1,1,1
M04_1:cell_260,0,0,0,0,1,1,1,1
M04_1:cell_261,0,1,1,0,1,1,-1,1
M04_1:cell_262,0,0,0,0,1,1,0,1
M04_1:cell_263,0,0,0,0,-1,-1,1,1
M04_1:cell_264,0,0,0,0,1,1,1,1
M04_1:cell_265,1,-1,-1,0,1,1,1,0
M04_1:cell_266,0,0,0,0,1,1,1,1
M04_1:cell_267,0,0,0,0,1,1,1,1
M04_1:cell_268,-1,0,0,0,-1,-1,-1,1
M04_1:cell_269,-1,0,0,0,1,1,0,1
M04_1:cell_27,0,0,0,-1,1,1,1,0
M04_1:cell_270,0,0,0,0,1,1,1,1
M04_1:cell_271,0,0,0,0,1,1,1,1
M04_1:cell_272,0,1,1,0,0,0,0,0
M04_1:cell_273,0,0,0,0,1,1,0,1
M04_1:cell_274,0,0,0,0,1,1,1,1
M04_1:cell_275,0,0,0,0,1,1,1,1
M04_1:cell_276,0,0,0,0,-1,-1,0,1
M04_1:cell_277,-1,0,0,0,0,0,1,1
M04_1:cell_278,0,0,0,0,1,1,1,1
M04_1:cell_279,0,0,0,0,1,1,1,1
M04_1:cell_28,0,0,0,0,1,1,1,1
M04_1:cell_280,0,0,0,0,1,1,1,1
M04_1:cell_281,0,0,0,0,1,1,0,1
M04_1:cell_282,0,0,0,0,1,1,1,1
M04_1:cell_283,0,0,0,0,1,1,0,1
M04_1:cell_284,0,0,0,0,1,1,-1,1
M04_1:cell_285,0,0,0,0,1,1,-1,1
M04_1:cell_286,0,0,0,-1,1,1,0,1
M04_1:cell_287,1,0,0,0,1,1,1,0
M04_1:cell_288,1,1,1,0,1,1,1,0
M04_1:cell_289,0,0,0,0,0,0,0,1
M04_1:cell_29,0,0,0,0,1,1,0,1
M04_1:cell_290,0,0,0,0,1,1,1,0
M04_1:cell_291,-1,0,0,0,1,1,1,1
M04_1:cell_292,0,0,0,0,1,1,1,1
M04_1:cell_293,0,0,0,0,1,1,1,1
M04_1:cell_294,0,0,0,0,0,0,1,1
M04_1:cell_295,1,1,1,0,1,1,1,2
M04_1:cell_296,0,0,0,0,1,1,1,1
M04_1:cell_297,0,0,0,0,1,1,1,1
M04_1:cell_298,1,1,1,0,1,1,1,0
M04_1:cell_299,1,1,1,-1,1,1,1,0
M04_1:cell_3,0,0,0,0,1,1,1,1
M04_1:cell_30,1,0,0,0,1,1,1,0
M04_1:cell_300,1,1,1,0,1,1,1,0
M04_1:cell_301,1,0,0,-1,1,1,1,0
M04_1:cell_302,0,0,0,0,1,1,0,1
M04_1:cell_303,1,1,1,-1,1,1,1,0
M04_1:cell_304,1,1,1,-1,0,0,0,2
M04_1:cell_305,1,0,0,0,1,1,1,0
M04_1:cell_306,1,1,1,0,1,1,1,0
M04_1:cell_307,-1,0,0,0,1,1,1,1
M04_1:cell_308,1,0,0,0,1,1,1,0
M04_1:cell_309,0,0,0,0,1,1,1,1
M04_1:cell_31,1,1,1,0,1,1,1,0
M04_1:cell_310,0,0,0,0,1,1,0,1
M04_1:cell_311,1,0,0,0,1,1,1,0
M04_1:cell_312,0,0,0,-1,-1,-1,0,1
M04_1:cell_313,1,-1,-1,0,1,1,0,0
M04_1:cell_314,0,0,0,0,0,0,1,1
M04_1:cell_315,0,0,0,0,0,0,1,1
M04_1:cell_316,0,0,0,0,1,1,1,1
M04_1:cell_317,0,0,0,0,1,1,0,1
M04_1:cell_318,1,0,0,0,1,1,1,0
M04_1:cell_319,1,0,0,0,1,1,1,1
M04_1:cell_32,0,0,0,0,1,1,1,1
M04_1:cell_320,0,0,0,0,0,0,0,1
M04_1:cell_321,1,0,0,0,1,1,1,1
M04_1:cell_322,1,-1,0,0,1,1,1,0
M04_1:cell_323,0,0,0,0,1,1,1,1
M04_1:cell_324,1,0,0,0,1,1,0,0
M04_1:cell_325,0,0,0,0,1,1,1,1
M04_1:cell_326,1,0,0,0,1,1,1,0
M04_1:cell_327,1,1,1,0,1,1,0,2
M04_1:cell_328,0,0,0,0,1,1,-1,1
M04_1:cell_329,0,0,0,0,0,0,0,1
M04_1:cell_33,0,0,0,0,1,1,1,1
M04_1:cell_330,0,0,0,0,1,1,1,1
M04_1:cell_331,0,0,0,0,1,1,1,1
M04_1:cell_332,0,0,0,0,1,1,1,1
M04_1:cell_333,0,0,0,0,1,1,1,1
M04_1:cell_334,0,0,0,0,1,1,1,1
M04_1:cell_335,1,1,1,0,-1,-1,1,2
M04_1:cell_336,0,0,0,0,1,1,1,1
M04_1:cell_337,0,0,0,0,0,0,0,1
M04_1:cell_338,-1,0,0,0,0,0,1,1
M04_1:cell_339,0,0,0,0,1,1,0,1
M04_1:cell_34,0,0,0,0,1,1,0,1
M04_1:cell_340,0,0,0,0,1,1,1,1
M04_1:cell_341,1,1,1,0,1,1,1,0
M04_1:cell_342,0,0,0,0,1,1,1,1
M04_1:cell_343,0,0,0,0,1,1,1,1
M04_1:cell_344,1,1,1,-1,0,0,1,0
M04_1:cell_345,1,1,1,0,1,1,1,0
M04_1:cell_346,1,-1,-1,0,1,1,0,0
M04_1:cell_347,1,0,0,0,1,1,1,1
M04_1:cell_348,0,0,0,0,1,1,-1,1
M04_1:cell_349,1,1,1,0,1,1,1,0
M04_1:cell_35,0,0,0,0,1,1,0,1
M04_1:cell_350,0,0,0,0,1,1,1,1
M04_1:cell_351,0,0,0,0,1,1,1,1
M04_1:cell_352,0,0,0,0,1,1,1,1
M04_1:cell_353,0,0,0,0,1,1,1,1
M04_1:cell_354,0,0,0,0,0,0,1,1
M04_1:cell_355,0,0,0,0,1,1,1,1
M04_1:cell_356,1,1,1,0,1,1,0,0
M04_1:cell_357,0,0,0,0,1,1,1,1
M04_1:cell_358,0,0,0,0,1,1,1,1
M04_1:cell_359,0,0,0,0,0,0,-1,1
M04_1:cell_36,0,0,0,0,1,1,1,1
M04_1:cell_360,0,0,0,0,0,0,1,1
M04_1:cell_361,-1,0,0,0,1,1,1,1
M04_1:cell_362,0,0,0,0,1,1,0,1
M04_1:cell_363,0,0,0,0,1,1,0,0
M04_1:cell_364,0,0,0,-1,1,1,0,1
M04_1:cell_365,0,0,0,0,1,1,1,1
M04_1:cell_366,0,0,0,0,1,1,1,1
M04_1:cell_367,0,1,1,0,0,0,1,2
M04_1:cell_368,0,0,0,0,1,1,1,1
M04_1:cell_369,0,0,0,0,1,1,1,1
M04_1:cell_37,1,1,1,0,1,1,1,0
M04_1:cell_370,0,0,0,0,1,1,1,1
M04_1:cell_371,0,0,0,0,1,1,0,1
M04_1:cell_372,0,0,0,0,1,1,1,1
M04_1:cell_373,0,0,0,-1,0,0,1,1
M04_1:cell_374,0,0,0,0,1,1,1,1
M04_1:cell_375,0,0,0,0,1,1,1,1
M04_1:cell_376,0,0,0,0,1,1,0,1
M04_1:cell_377,0,0,0,0,1,1,1,1
M04_1:cell_378,0,0,0,0,1,1,1,1
M04_1:cell_379,1,1,1,0,1,1,1,0
M04_1:cell_38,0,0,0,0,1,1,1,1
M04_1:cell_380,0,0,0,0,1,1,1,1
M04_1:cell_381,-1,1,1,-1,0,0,0,0
M04_1:cell_382,0,0,0,0,1,1,1,1
M04_1:cell_383,0,0,0,0,1,1,0,1
M04_1:cell_384,0,0,0,0,1,1,1,1
M04_1:cell_385,0,0,0,0,1,1,1,1
M04_1:cell_386,0,0,0,0,1,1,1,1
M04_1:cell_387,0,0,0,0,1,1,1,1
M04_1:cell_388,1,1,1,0,1,1,1,0
M04_1:cell_389,0,0,0,0,1,1,1,1
M04_1:cell_39,-1,0,0,0,1,1,1,1
M04_1:cell_390,0,0,0,0,1,1,1,1
M04_1:cell_391,0,0,0,0,1,1,-1,1
M04_1:cell_392,0,0,0,0,1,1,-1,1
M04_1:cell_393,0,0,0,-1,1,1,1,1
M04_1:cell_394,-1,0,0,0,1,1,1,1
M04_1:cell_395,0,0,0,0,0,0,0,1
M04_1:cell_396,1,1,1,0,1,1,1,0
M04_1:cell_397,0,0,0,0,1,1,0,1
M04_1:cell_398,-1,0,0,0,1,1,0,1
M04_1:cell_399,0,0,0,0,1,1,0,1
M04_1:cell_4,1,0,0,0,1,1,1,0
M04_1:cell_40,1,-1,-1,-1,1,1,1,0
M04_1:cell_400,0,0,0,0,1,1,1,1
M04_1:cell_401,0,0,0,0,1,1,1,1
M04_1:cell_402,0,0,0,0,0,0,0,1
M04_1:cell_403,0,0,0,0,1,1,1,1
M04_1:cell_404,0,1,1,0,1,1,0,2
M04_1:cell_405,0,0,0,0,1,1,1,1
M04_1:cell_406,0,0,0,0,1,1,0,1
M04_1:cell_407,1,0,0,0,1,1,1,0
M04_1:cell_408,1,1,1,0,1,1,0,0
M04_1:cell_409,1,0,0,0,1,1,1,0
M04_1:cell_41,0,0,0,0,0,0,1,1
M04_1:cell_410,1,-1,-1,-1,1,1,1,0
M04_1:cell_411,0,1,1,0,1,1,1,1
M04_1:cell_412,0,0,0,0,1,1,1,1
M04_1:cell_413,0,0,0,0,1,1,1,1
M04_1:cell_414,0,0,0,0,0,0,1,1
M04_1:cell_415,0,0,0,0,1,1,1,1
M04_1:cell_416,1,0,0,0,1,1,1,0
M04_1:cell_417,1,1,1,0,1,1,1,1
M04_1:cell_418,0,0,0,0,1,1,1,1
M04_1:cell_419,1,0,0,0,1,1,1,0
M04_1:cell_42,0,0,0,0,1,1,1,1
M04_1:cell_420,1,1,1,0,1,1,1,0
M04_1:cell_421,0,0,0,0,0,0,-1,1
M04_1:cell_422,1,1,1,0,0,0,1,0
M04_1:cell_423,-1,0,0,0,1,1,1,1
M04_1:cell_424,0,0,0,0,1,1,0,1
M04_1:cell_425,0,0,0,0,1,1,1,1
M04_1:cell_426,0,0,0,0,0,0,0,1
M04_1:cell_427,0,1,1,0,1,1,1,1
M04_1:cell_428,0,-1,-1,0,1,1,1,0
M04_1:cell_429,1,0,0,0,1,1,1,1
M04_1:cell_43,1,0,0,0,1,1,1,0
M04_1:cell_430,0,0,0,0,1,1,1,1
M04_1:cell_431,0,0,0,0,0,0,1,1
M04_1:cell_432,0,0,0,0,1,1,1,1
M04_1:cell_433,1,0,0,0,1,1,1,1
M04_1:cell_434,1,1,1,0,1,1,1,0
M04_1:cell_435,0,0,0,-1,1,1,1,1
M04_1:cell_436,0,0,0,0,1,1,1,1
M04_1:cell_437,0,0,0,0,1,1,-1,1
M04_1:cell_438,0,-1,-1,0,0,0,1,1
M04_1:cell_439,0,1,1,0,0,0,1,1
M04_1:cell_44,0,0,0,0,1,1,1,1
M04_1:cell_440,1,-1,-1,0,1,1,0,0
M04_1:cell_441,1,1,1,-1,1,1,0,0
M04_1:cell_442,0,0,0,0,0,0,-1,1
M04_1:cell_443,1,0,0,0,1,1,1,1
M04_1:cell_444,0,0,0,0,1,1,1,1
M04_1:cell_445,0,0,0,0,1,1,1,1
M04_1:cell_446,0,0,0,0,1,1,1,1
M04_1:cell_447,0,0,0,0,1,1,0,1
M04_1:cell_448,0,0,0,0,1,1,1,1
M04_1:cell_449,0,0,0,0,1,1,1,1
M04_1:cell_45,0,0,0,0,0,0,1,1
M04_1:cell_450,0,0,0,0,1,1,1,1
M04_1:cell_451,1,0,0,0,1,1,1,0
M04_1:cell_452,0,0,0,0,1,1,1,1
M04_1:cell_453,0,0,0,0,1,1,1,1
M04_1:cell_454,-1,0,0,0,1,1,-1,1
M04_1:cell_455,0,-1,-1,0,1,1,0,1
M04_1:cell_456,1,-1,-1,0,1,1,0,0
M04_1:cell_457,0,0,0,0,1,1,1,1
M04_1:cell_458,0,0,0,0,1,1,1,1
M04_1:cell_459,0,0,0,0,1,1,-1,1
M04_1:cell_46,1,1,1,0,0,0,1,2
M04_1:cell_460,0,0,0,0,1,1,1,1
M04_1:cell_461,0,0,0,0,1,1,1,1
M04_1:cell_462,0,0,0,0,1,1,1,1
M04_1:cell_463,0,0,0,0,1,1,1,1
M04_1:cell_464,0,0,0,0,0,0,0,1
M04_1:cell_465,1,1,1,0,1,1,1,1
M04_1:cell_466,1,0,0,0,1,1,0,0
M04_1:cell_467,-1,0,0,0,0,0,0,1
M04_1:cell_468,0,0,0,0,1,1,1,1
M04_1:cell_469,0,0,0,0,1,1,0,1
M04_1:cell_47,0,0,0,0,0,0,0,1
M04_1:cell_470,0,0,0,0,1,1,1,1
M04_1:cell_471,0,0,0,0,1,1,-1,1
M04_1:cell_472,1,-1,-1,0,1,1,1,0
M04_1:cell_473,0,0,0,0,1,1,1,1
M04_1:cell_474,0,0,0,0,-1,-1,1,1
M04_1:cell_475,1,1,1,0,1,1,1,0
M04_1:cell_476,0,0,0,0,0,0,0,1
M04_1:cell_477,1,1,1,0,1,1,0,1
M04_1:cell_478,1,0,0,0,1,1,1,1
M04_1:cell_479,1,-1,-1,0,1,1,1,0
M04_1:cell_48,0,0,0,-1,1,1,1,1
M04_1:cell_480,0,0,0,0,1,1,1,1
M04_1:cell_481,0,0,0,0,1,1,1,1
M04_1:cell_482,0,0,0,0,1,1,1,1
M04_1:cell_483,0,0,0,-1,1,1,0,1
M04_1:cell_484,0,0,0,0,1,1,0,1
M04_1:cell_485,0,0,0,0,1,1,-1,1
M04_1:cell_486,-1,0,0,0,1,1,1,0
M04_1:cell_487,0,0,0,0,0,0,0,1
M04_1:cell_488,-1,1,1,0,1,1,1,2
M04_1:cell_489,1,1,1,0,1,1,1,0
M04_1:cell_49,0,0,0,0,1,1,1,1
M04_1:cell_490,0,0,0,0,1,1,-1,1
M04_1:cell_491,1,-1,-1,0,1,1,1,0
M04_1:cell_492,0,0,0,0,1,1,0,1
M04_1:cell_493,0,0,0,0,0,0,0,1
M04_1:cell_494,1,1,1,-1,1,1,1,0
M04_1:cell_495,0,0,0,0,1,1,1,1
M04_1:cell_496,0,0,0,0,1,1,1,1
M04_1:cell_497,1,0,0,0,1,1,1,1
M04_1:cell_498,0,0,0,0,0,0,1,1
M04_1:cell_499,0,0,0,0,1,1,1,1
M04_1:cell_5,0,0,0,0,1,1,1,1
M04_1:cell_50,0,0,0,0,1,1,1,1
M04_1:cell_500,-1,0,0,0,1,1,1,1
M04_1:cell_501,0,1,1,0,1,1,0,0
M04_1:cell_502,0,0,0,-1,0,0,1,1
M04_1:cell_503,0,1,1,0,0,0,0,1
M04_1:cell_504,-1,0,0,0,0,0,-1,1
M04_1:cell_505,0,0,0,0,1,1,-1,1
M04_1:cell_506,1,-1,-1,0,1,1,0,0
M04_1:cell_507,1,-1,-1,0,1,1,1,0
M04_1:cell_508,0,0,0,0,1,1,0,1
M04_1:cell_509,0,-1,-1,0,1,1,0,0
M04_1:cell_51,0,0,0,0,1,1,1,1
M04_1:cell_510,-1,0,0,0,1,1,1,1
M04_1:cell_511,1,0,0,0,1,1,0,0
M04_1:cell_512,0,0,0,0,1,1,1,1
M04_1:cell_513,1,1,1,0,0,0,1,0
M04_1:cell_514,1,0,0,0,1,1,0,0
M04_1:cell_515,0,0,0,0,1,1,1,1
M04_1:cell_516,0,0,0,0,1,1,1,1
M04_1:cell_517,0,0,0,0,0,0,0,1
M04_1:cell_518,1,1,1,0,1,1,1,0
M04_1:cell_519,1,0,0,0,1,1,1,0
M04_1:cell_52,1,-1,-1,0,1,1,1,0
M04_1:cell_520,1,0,0,0,1,1,1,1
M04_1:cell_521,1,-1,-1,0,1,1,1,0
M04_1:cell_522,0,0,0,0,1,1,1,1
M04_1:cell_523,0,0,0,0,1,1,0,1
M04_1:cell_524,1,0,0,0,1,1,1,0
M04_1:cell_525,1,1,1,0,1,1,1,0
M04_1:cell_526,-1,0,0,0,0,0,0,1
M04_1:cell_527,0,0,0,0,1,1,1,1
M04_1:cell_528,1,1,1,0,0,0,1,0
M04_1:cell_529,-1,1,1,0,1,1,1,1
M04_1:cell_53,0,0,0,0,1,1,0,1
M04_1:cell_530,1,1,1,0,1,1,1,0
M04_1:cell_531,0,0,0,0,1,1,0,1
M04_1:cell_532,0,0,0,0,1,1,1,1
M04_1:cell_533,0,0,0,0,1,1,1,1
M04_1:cell_534,0,0,0,0,1,1,1,1
M04_1:cell_535,0,0,0,0,1,1,1,1
M04_1:cell_536,0,0,0,0,1,1,1,1
M04_1:cell_537,0,0,0,0,1,1,1,1
M04_1:cell_538,0,0,0,0,1,1,1,1
M04_1:cell_539,0,0,0,0,1,1,0,1
M04_1:cell_54,0,0,0,0,1,1,1,1
M04_1:cell_540,1,-1,-1,0,1,1,1,0
M04_1:cell_541,0,0,0,0,0,0,1,1
M04_1:cell_542,0,0,0,0,1,1,1,1
M04_1:cell_543,-1,0,0,0,1,1,1,1
M04_1:cell_544,-1,0,0,0,0,0,1,1
M04_1:cell_545,0,0,0,0,1,1,-1,1
M04_1:cell_546,0,0,0,0,0,0,1,1
M04_1:cell_547,1,0,0,0,1,1,0,0
M04_1:cell_548,0,0,0,0,1,1,1,1
M04_1:cell_549,0,0,0,0,0,0,1,1
M04_1:cell_55,0,-1,-1,-1,1,1,1,0
M04_1:cell_550,0,-1,-1,-1,1,1,1,0
M04_1:cell_551,-1,0,0,0,1,1,1,1
M04_1:cell_552,0,0,0,0,0,0,1,1
M04_1:cell_553,0,0,0,0,1,1,0,1
M04_1:cell_554,0,0,0,0,1,1,1,1
M04_1:cell_555,0,1,1,-1,1,1,0,0
M04_1:cell_556,0,0,0,0,1,1,0,1
M04_1:cell_557,0,0,0,0,1,1,1,1
M04_1:cell_558,0,0,0,0,1,1,1,1
M04_1:cell_559,1,-1,-1,0,0,0,0,0
M04_1:cell_56,0,0,0,0,1,1,1,1
M04_1:cell_560,0,0,0,0,1,1,1,1
M04_1:cell_561,-1,0,0,0,1,1,1,0
M04_1:cell_562,0,0,0,0,1,1,1,1
M04_1:cell_563,0,0,0,0,0,0,1,1
M04_1:cell_564,0,0,0,0,1,1,-1,0
M04_1:cell_565,0,0,0,0,1,1,1,1
M04_1:cell_566,0,1,1,-1,1,1,0,1
M04_1:cell_567,0,0,0,0,1,1,1,1
M04_1:cell_568,1,1,1,0,1,1,1,2
M04_1:cell_569,0,0,0,0,1,1,1,1
M04_1:cell_57,0,0,0,0,1,1,1,1
M04_1:cell_570,0,0,0,0,1,1,1,1
M04_1:cell_571,0,0,0,0,1,1,1,1
M04_1:cell_572,0,0,0,0,1,1,0,1
M04_1:cell_573,0,0,0,0,1,1,1,0
M04_1:cell_574,0,0,0,0,1,1,1,1
M04_1:cell_575,0,0,0,0,1,1,1,1
M04_1:cell_576,0,0,0,0,1,1,1,1
M04_1:cell_577,1,0,0,0,1,1,1,0
M04_1:cell_578,-1,0,0,0,1,1,-1,1
M04_1:cell_579,-1,0,0,0,1,1,0,1
M04_1:cell_58,1,1,1,0,1,1,0,0
M04_1:cell_580,0,0,0,0,0,0,1,1
M04_1:cell_581,0,0,0,0,1,1,0,1
M04_1:cell_582,1,1,1,0,1,1,0,0
M04_1:cell_583,1,1,1,0,1,1,1,0
M04_1:cell_584,0,0,0,0,1,1,1,1
M04_1:cell_585,0,0,0,0,1,1,1,1
M04_1:cell_586,1,-1,-1,0,1,1,1,0
M04_1:cell_587,1,0,0,0,1,1,1,0
M04_1:cell_588,0,0,0,0,1,1,1,1
M04_1:cell_589,0,0,0,0,1,1,-1,1
M04_1:cell_59,0,0,0,0,1,1,1,1
M04_1:cell_590,0,0,0,0,1,1,0,1
M04_1:cell_591,1,-1,0,0,0,0,1,1
M04_1:cell_592,0,0,0,0,1,1,1,1
M04_1:cell_593,1,0,0,0,1,1,0,0
M04_1:cell_594,0,1,1,0,1,1,1,1
M04_1:cell_595,1,1,1,0,1,1,0,1
M04_1:cell_596,1,0,0,0,1,1,1,0
M04_1:cell_597,-1,0,0,0,0,0,-1,1
M04_1:cell_598,1,-1,-1,0,1,1,0,0
M04_1:cell_599,0,0,0,0,1,1,1,1
M04_1:cell_6,1,0,0,0,1,1,1,0
M04_1:cell_60,0,0,0,0,1,1,0,1
M04_1:cell_600,-1,0,0,0,1,1,0,1
M04_1:cell_601,1,0,0,0,1,1,1,0
M04_1:cell_602,1,-1,-1,0,1,1,0,0
M04_1:cell_603,0,0,0,0,1,1,1,1
M04_1:cell_604,0,-1,-1,0,1,1,1,0
M04_1:cell_605,0,0,0,0,1,1,1,1
M04_1:cell_606,0,0,0,0,1,1,1,1
M04_1:cell_607,0,0,0,0,0,0,0,1
M04_1:cell_608,0,0,0,0,1,1,1,1
M04_1:cell_609,1,1,1,0,0,0,1,2
M04_1:cell_61,0,0,0,0,0,0,1,1
M04_1:cell_610,0,0,0,0,1,1,0,1
M04_1:cell_611,1,1,1,0,1,1,0,0
M04_1:cell_612,0,0,0,0,1,1,1,1
M04_1:cell_613,-1,0,0,0,1,1,0,1
M04_1:cell_614,0,0,0,0,1,1,1,1
M04_1:cell_615,0,0,0,0,1,1,1,1
M04_1:cell_616,0,0,0,0,1,1,1,1
M04_1:cell_617,1,1,1,0,1,1,1,0
M04_1:cell_618,0,0,0,0,1,1,1,1
M04_1:cell_619,0,0,0,0,1,1,1,1
M04_1:cell_62,0,0,0,0,1,1,1,1
M04_1:cell_620,0,1,1,0,0,0,1,0
M04_1:cell_621,0,0,0,0,1,1,0,1
M04_1:cell_622,1,1,1,0,0,0,1,0
M04_1:cell_623,1,0,0,0,1,1,1,0
M04_1:cell_624,0,0,0,-1,1,1,0,0
M04_1:cell_625,0,0,0,0,1,1,1,1
M04_1:cell_626,0,0,0,0,1,1,1,1
M04_1:cell_627,0,0,0,0,1,1,1,1
M04_1:cell_628,1,-1,-1,0,1,1,1,0
M04_1:cell_629,0,0,0,0,1,1,1,1
M04_1:cell_63,0,0,0,0,1,1,1,0
M04_1:cell_630,0,0,0,0,0,0,-1,1
M04_1:cell_631,-1,0,0,0,1,1,1,1
M04_1:cell_632,1,-1,-1,0,1,1,1,0
M04_1:cell_633,0,0,0,0,1,1,-1,1
M04_1:cell_634,0,0,0,0,1,1,1,1
M04_1:cell_635,0,0,0,0,1,1,0,1
M04_1:cell_636,0,0,0,0,0,0,1,1
M04_1:cell_637,0,0,0,0,1,1,1,1
M04_1:cell_638,0,0,0,0,1,1,-1,1
M04_1:cell_639,1,0,0,0,1,1,1,0
M04_1:cell_64,1,0,0,0,1,1,1,0
M04_1:cell_640,0,0,0,0,1,1,1,1
M04_1:cell_641,0,0,0,0,1,1,1,1
M04_1:cell_642,0,0,0,0,0,0,1,1
M04_1:cell_643,0,0,0,0,1,1,1,1
M04_1:cell_644,1,-1,-1,-1,1,1,0,0
M04_1:cell_645,0,0,0,0,1,1,-1,1
M04_1:cell_646,1,0,0,0,1,1,1,0
M04_1:cell_647,0,0,0,0,1,1,1,1
M04_1:cell_648,0,0,0,0,1,1,0,1
M04_1:cell_649,0,0,0,0,0,0,0,1
M04_1:cell_65,0,0,0,0,1,1,1,1
M04_1:cell_650,1,1,1,0,1,1,1,1
M04_1:cell_651,0,0,0,0,0,0,-1,1
M04_1:cell_652,0,0,0,0,1,1,1,1
M04_1:cell_653,0,0,0,0,1,1,1,1
M04_1:cell_654,1,1,1,0,1,1,1,0
M04_1:cell_655,0,-1,-1,0,1,1,1,1
M04_1:cell_656,1,-1,-1,0,1,1,1,0
M04_1:cell_657,0,0,0,0,1,1,0,1
M04_1:cell_658,0,0,0,0,1,1,0,1
M04_1:cell_659,1,-1,-1,0,1,1,1,0
M04_1:cell_66,0,0,0,0,1,1,-1,1
M04_1:cell_660,1,1,1,0,1,1,1,0
M04_1:cell_661,1,-1,-1,0,1,1,0,0
M04_1:cell_662,0,0,0,0,1,1,0,1
M04_1:cell_663,1,-1,-1,0,1,1,1,0
M04_1:cell_664,1,1,1,0,1,1,1,0
M04_1:cell_665,0,0,0,0,1,1,0,1
M04_1:cell_666,1,1,1,0,1,1,1,0
M04_1:cell_667,0,0,0,0,1,1,1,1
M04_1:cell_668,0,0,0,0,0,0,1,1
M04_1:cell_669,0,0,0,0,1,1,1,1
M04_1:cell_67,1,0,0,0,1,1,0,0
M04_1:cell_670,1,-1,-1,0,1,1,1,1
M04_1:cell_671,1,0,0,0,1,1,1,0
M04_1:cell_672,0,0,0,0,1,1,1,1
M04_1:cell_673,0,0,0,0,0,0,1,1
M04_1:cell_674,0,0,0,0,1,1,1,1
M04_1:cell_675,0,0,0,0,1,1,1,1
M04_1:cell_676,1,1,1,0,1,1,0,0
M04_1:cell_677,1,1,1,0,1,1,1,0
M04_1:cell_678,1,0,0,0,1,1,0,0
M04_1:cell_679,0,0,0,0,1,1,1,1
M04_1:cell_68,0,0,0,0,1,1,1,1
M04_1:cell_680,1,-1,0,-1,1,1,1,0
M04_1:cell_681,0,0,0,0,0,0,-1,1
M04_1:cell_682,0,0,0,0,1,1,1,1
M04_1:cell_683,0,0,0,0,1,1,0,1
M04_1:cell_684,0,0,0,0,1,1,1,1
M04_1:cell_685,0,-1,-1,0,1,1,1,0
M04_1:cell_686,0,0,0,0,1,1,1,1
M04_1:cell_687,0,0,0,0,0,0,1,1
M04_1:cell_688,0,0,0,0,0,0,1,1
M04_1:cell_689,-1,0,0,0,1,1,1,1
M04_1:cell_69,-1,0,0,0,1,1,1,1
M04_1:cell_690,0,0,0,0,1,1,1,1
M04_1:cell_691,1,1,1,0,1,1,1,0
M04_1:cell_692,0,0,0,0,1,1,1,1
M04_1:cell_693,0,0,0,0,1,1,1,1
M04_1:cell_694,1,-1,-1,0,1,1,0,0
M04_1:cell_695,0,0,0,0,0,0,0,1
M04_1:cell_696,0,0,0,0,1,1,1,1
M04_1:cell_697,0,0,0,0,1,1,1,1
M04_1:cell_698,0,0,0,0,1,1,1,0
M04_1:cell_699,1,1,1,0,1,1,1,0
M04_1:cell_7,1,0,0,0,1,1,1,0
M04_1:cell_70,0,0,0,0,1,1,1,1
M04_1:cell_700,0,0,0,0,0,0,1,1
M04_1:cell_701,0,0,0,0,1,1,1,1
M04_1:cell_702,0,0,0,0,0,0,1,1
M04_1:cell_703,0,0,0,0,1,1,1,1
M04_1:cell_704,0,0,0,0,1,1,1,1
M04_1:cell_705,-1,0,0,0,0,0,-1,1
M04_1:cell_706,-1,0,0,0,1,1,1,1
M04_1:cell_707,1,0,0,0,1,1,1,0
M04_1:cell_708,0,0,0,0,1,1,1,1
M04_1:cell_709,1,1,1,0,1,1,1,0
M04_1:cell_71,0,0,0,0,1,1,1,1
M04_1:cell_710,1,0,0,0,1,1,1,1
M04_1:cell_711,1,1,1,0,1,1,0,0
M04_1:cell_712,0,0,0,0,0,0,1,1
M04_1:cell_713,-1,0,0,0,1,1,0,1
M04_1:cell_714,0,0,0,0,1,1,1,1
M04_1:cell_715,1,0,0,0,1,1,-1,0
M04_1:cell_716,0,0,0,0,1,1,1,1
M04_1:cell_717,1,-1,-1,0,1,1,1,0
M04_1:cell_718,0,0,0,0,1,1,1,1
M04_1:cell_719,0,0,0,0,1,1,1,1
M04_1:cell_72,0,1,1,0,0,0,0,0
M04_1:cell_720,0,0,0,0,1,1,1,1
M04_1:cell_721,1,1,1,0,0,0,1,2
M04_1:cell_722,0,0,0,0,1,1,1,1
M04_1:cell_723,1,0,0,-1,1,1,1,0
M04_1:cell_724,0,0,0,0,1,1,1,1
M04_1:cell_725,0,0,0,0,0,0,1,1
M04_1:cell_726,1,1,1,0,1,1,0,0
M04_1:cell_727,0,0,0,0,1,1,1,1
M04_1:cell_728,0,0,0,0,1,1,1,1
M04_1:cell_729,0,0,0,0,-1,-1,0,1
M04_1:cell_73,1,0,0,0,1,1,0,0
M04_1:cell_730,1,0,0,0,1,1,0,1
M04_1:cell_731,1,0,0,0,1,1,1,0
M04_1:cell_732,-1,0,0,0,1,1,1,1
M04_1:cell_733,0,0,0,0,1,1,1,1
M04_1:cell_734,0,0,0,0,1,1,1,1
M04_1:cell_735,1,0,0,0,1,1,1,0
M04_1:cell_736,0,0,0,0,1,1,0,1
M04_1:cell_737,1,1,1,0,0,0,0,0
M04_1:cell_738,0,1,1,0,1,1,-1,0
M04_1:cell_739,0,0,0,0,0,0,0,1
M04_1:cell_74,0,0,0,0,1,1,0,1
M04_1:cell_740,-1,0,0,0,1,1,1,0
M04_1:cell_741,0,0,0,0,1,1,1,1
M04_1:cell_742,0,0,0,0,1,1,1,1
M04_1:cell_743,0,0,0,0,-1,-1,1,1
M04_1:cell_744,0,0,0,0,1,1,1,1
M04_1:cell_745,1,-1,-1,0,1,1,0,0
M04_1:cell_746,1,1,1,0,0,0,1,2
M04_1:cell_747,0,0,0,0,1,1,1,1
M04_1:cell_748,0,-1,-1,0,1,1,0,1
M04_1:cell_749,1,1,1,-1,0,0,0,2
M04_1:cell_75,0,0,0,0,1,1,1,1
M04_1:cell_750,0,0,0,0,1,1,0,1
M04_1:cell_751,0,1,1,0,1,1,1,0
M04_1:cell_752,0,0,0,0,1,1,1,1
M04_1:cell_753,0,0,0,0,1,1,0,1
M04_1:cell_754,0,0,0,0,1,1,1,1
M04_1:cell_755,1,-1,-1,0,1,1,1,0
M04_1:cell_756,0,0,0,0,-1,-1,1,1
M04_1:cell_757,0,0,0,0,1,1,1,1
M04_1:cell_758,0,0,0,0,1,1,1,1
M04_1:cell_759,1,1,1,0,1,1,1,0
M04_1:cell_76,0,0,0,0,1,1,1,1
M04_1:cell_760,1,1,1,0,1,1,0,0
M04_1:cell_761,0,0,0,0,1,1,1,1
M04_1:cell_762,0,0,0,0,1,1,1,1
M04_1:cell_763,0,0,0,0,1,1,1,1
M04_1:cell_764,0,0,0,0,1,1,1,1
M04_1:cell_765,-1,1,1,0,1,1,0,0
M04_1:cell_766,0,0,0,0,1,1,1,1
M04_1:cell_767,0,0,0,0,1,1,1,1
M04_1:cell_768,1,0,0,0,1,1,1,1
M04_1:cell_769,0,0,0,0,1,1,1,1
M04_1:cell_77,0,0,0,0,1,1,1,1
M04_1:cell_770,1,0,0,0,1,1,1,1
M04_1:cell_771,1,1,1,0,1,1,1,1
M04_1:cell_772,0,0,0,0,1,1,-1,1
M04_1:cell_773,0,0,0,0,1,1,-1,1
M04_1:cell_774,0,0,0,0,0,0,-1,1
M04_1:cell_775,-1,1,1,0,1,1,0,1
M04_1:cell_776,0,0,0,0,1,1,1,1
M04_1:cell_777,0,0,0,0,1,1,0,1
M04_1:cell_778,1,0,0,0,1,1,0,0
M04_1:cell_779,1,1,1,0,1,1,1,0
M04_1:cell_78,-1,0,0,0,1,1,1,0
M04_1:cell_780,0,-1,-1,0,1,1,0,0
M04_1:cell_781,0,0,0,0,1,1,1,1
M04_1:cell_782,0,0,0,0,1,1,1,1
M04_1:cell_783,0,0,0,0,1,1,1,1
M04_1:cell_784,0,0,0,0,1,1,0,1
M04_1:cell_785,0,0,0,0,1,1,1,1
M04_1:cell_786,0,0,0,0,1,1,1,1
M04_1:cell_787,1,1,1,0,1,1,1,1
M04_1:cell_788,0,0,0,0,1,1,1,1
M04_1:cell_789,0,0,0,0,1,1,1,1
M04_1:cell_79,0,0,0,0,1,1,0,1
M04_1:cell_790,1,1,1,0,1,1,1,0
M04_1:cell_791,0,1,1,0,1,1,0,0
M04_1:cell_792,0,0,0,0,0,0,0,1
M04_1:cell_793,0,0,0,0,1,1,1,1
M04_1:cell_794,0,0,0,0,1,1,1,1
M04_1:cell_795,0,0,0,0,1,1,1,1
M04_1:cell_796,0,0,0,0,1,1,1,1
M04_1:cell_797,0,0,0,0,1,1,1,1
M04_1:cell_798,1,-1,-1,0,1,1,1,0
M04_1:cell_799,0,0,0,-1,1,1,0,1
M04_1:cell_8,1,0,0,-1,1,1,1,0
M04_1:cell_80,0,0,0,0,1,1,1,0
M04_1:cell_800,0,0,0,0,1,1,1,1
M04_1:cell_801,0,0,0,0,1,1,0,1
M04_1:cell_802,0,0,0,0,1,1,1,1
M04_1:cell_803,0,0,0,0,-1,-1,1,1
M04_1:cell_804,0,0,0,0,1,1,1,0
M04_1:cell_805,1,1,1,0,1,1,1,0
M04_1:cell_806,0,0,0,0,0,0,0,1
M04_1:cell_807,0,0,0,0,1,1,1,1
M04_1:cell_808,1,0,0,0,1,1,1,1
M04_1:cell_809,0,0,0,0,1,1,0,1
M04_1:cell_81,1,1,1,0,1,1,0,0
M04_1:cell_810,0,0,0,0,1,1,1,1
M04_1:cell_811,-1,0,0,0,1,1,1,1
M04_1:cell_812,0,0,0,0,1,1,1,1
M04_1:cell_813,0,0,0,0,1,1,1,2
M04_1:cell_814,0,0,0,0,1,1,1,1
M04_1:cell_815,1,1,1,0,1,1,1,0
M04_1:cell_816,1,1,1,0,1,1,1,0
M04_1:cell_817,1,-1,-1,0,1,1,0,0
M04_1:cell_818,1,-1,-1,0,1,1,1,0
M04_1:cell_819,1,-1,-1,0,1,1,1,0
M04_1:cell_82,0,1,1,-1,0,0,1,1
M04_1:cell_820,1,0,0,0,1,1,1,1
M04_1:cell_821,0,0,0,0,1,1,1,1
M04_1:cell_822,1,0,0,0,0,0,1,0
M04_1:cell_823,0,0,0,0,1,1,1,1
M04_1:cell_824,0,0,0,0,1,1,1,1
M04_1:cell_825,0,0,0,0,1,1,1,1
M04_1:cell_826,0,0,0,0,1,1,1,1
M04_1:cell_827,0,0,0,0,1,1,1,1
M04_1:cell_828,0,0,0,0,0,0,1,1
M04_1:cell_829,0,0,0,0,1,1,1,1
M04_1:cell_83,0,0,0,0,-1,-1,1,1
M04_1:cell_830,0,0,0,0,1,1,1,1
M04_1:cell_831,0,0,0,0,1,1,0,1
M04_1:cell_832,1,1,1,0,1,1,1,0
M04_1:cell_833,1,1,1,-1,0,0,1,2
M04_1:cell_834,0,0,0,0,0,0,0,1
M04_1:cell_835,0,0,0,0,1,1,0,1
M04_1:cell_836,0,0,0,0,1,1,1,1
M04_1:cell_837,0,0,0,0,1,1,1,1
M04_1:cell_838,0,0,0,0,1,1,1,1
M04_1:cell_839,1,0,0,0,1,1,0,0
M04_1:cell_84,0,0,0,-1,1,1,0,1
M04_1:cell_840,0,0,0,0,1,1,1,2
M04_1:cell_841,0,0,0,0,1,1,1,1
M04_1:cell_842,-1,0,0,0,1,1,1,1
M04_1:cell_843,0,0,0,0,1,1,1,1
M04_1:cell_844,1,-1,-1,-1,1,1,1,0
M04_1:cell_845,0,0,0,-1,1,1,1,1
M04_1:cell_846,0,0,0,0,1,1,0,1
M04_1:cell_847,1,1,1,-1,1,1,0,0
M04_1:cell_848,1,0,0,0,1,1,1,0
M04_1:cell_849,1,-1,-1,0,1,1,1,0
M04_1:cell_85,1,1,1,0,0,0,1,0
M04_1:cell_850,0,0,0,0,1,1,1,1
M04_1:cell_851,0,0,0,0,1,1,1,1
M04_1:cell_852,1,0,0,0,-1,-1,0,1
M04_1:cell_853,0,0,0,0,1,1,1,1
M04_1:cell_854,1,0,0,0,1,1,1,0
M04_1:cell_855,0,0,0,0,1,1,1,1
M04_1:cell_856,0,0,0,0,1,1,0,1
M04_1:cell_857,1,0,0,0,1,1,1,0
M04_1:cell_858,0,0,0,0,1,1,1,1
M04_1:cell_859,-1,0,0,0,1,1,1,1
M04_1:cell_86,1,1,1,0,1,1,1,0
M04_1:cell_860,0,-1,-1,0,1,1,0,0
M04_1:cell_861,1,1,1,-1,-1,-1,1,0
M04_1:cell_862,0,0,0,0,1,1,1,1
M04_1:cell_863,0,0,0,0,1,1,0,0
M04_1:cell_864,0,0,0,0,1,1,-1,1
M04_1:cell_865,0,0,0,0,1,1,1,1
M04_1:cell_866,0,0,0,0,1,1,1,1
M04_1:cell_867,1,-1,-1,-1,1,1,1,0
M04_1:cell_868,1,0,0,0,1,1,0,0
M04_1:cell_869,0,0,0,0,1,1,1,1
M04_1:cell_87,0,0,0,0,1,1,1,1
M04_1:cell_870,0,0,0,0,1,1,1,1
M04_1:cell_871,1,0,0,0,1,1,0,0
M04_1:cell_872,0,0,0,0,-1,-1,1,1
M04_1:cell_873,1,1,1,0,0,0,1,0
M04_1:cell_874,0,0,0,0,1,1,1,1
M04_1:cell_875,0,-1,-1,0,0,0,1,0
M04_1:cell_876,0,0,0,0,1,1,1,1
M04_1:cell_877,0,0,0,0,1,1,1,2
M04_1:cell_878,0,0,0,0,1,1,0,1
M04_1:cell_879,0,0,0,0,0,0,-1,1
M04_1:cell_88,1,1,1,0,1,1,1,0
M04_1:cell_880,1,0,0,-1,1,1,0,0
M04_1:cell_881,0,0,0,0,0,0,0,1
M04_1:cell_882,1,0,0,0,1,1,1,0
M04_1:cell_883,0,0,0,0,-1,-1,1,1
M04_1:cell_884,1,-1,-1,-1,1,1,0,0
M04_1:cell_885,0,0,0,0,1,1,1,1
M04_1:cell_886,0,0,0,0,1,1,1,1
M04_1:cell_887,0,0,0,0,1,1,1,1
M04_1:cell_888,1,-1,-1,0,1,1,0,0
M04_1:cell_889,1,0,0,0,1,1,1,0
M04_1:cell_89,1,0,0,0,1,1,1,0
M04_1:cell_890,0,0,0,0,-1,-1,1,1
M04_1:cell_891,0,1,1,0,0,0,0,1
M04_1:cell_892,0,-1,-1,0,1,1,1,0
M04_1:cell_893,0,0,0,0,0,0,1,1
M04_1:cell_894,1,1,1,0,1,1,0,2
M04_1:cell_895,0,0,0,0,-1,-1,-1,1
M04_1:cell_896,1,-1,-1,0,1,1,0,0
M04_1:cell_897,1,1,1,0,1,1,1,0
M04_1:cell_898,-1,0,0,0,1,1,0,1
M04_1:cell_899,0,0,0,0,1,1,1,1
M04_1:cell_9,1,0,0,0,1,1,1,0
M04_1:cell_90,0,0,0,0,1,1,1,1
M04_1:cell_900,0,0,0,0,0,0,1,1
M04_1:cell_901,0,0,0,0,0,0,1,1
M04_1:cell_902,-1,-1,-1,0,1,1,1,0
M04_1:cell_903,0,0,0,0,1,1,1,1
M04_1:cell_904,0,0,0,0,0,0,1,1
M04_1:cell_905,0,0,0,0,1,1,0,1
M04_1:cell_906,0,0,0,0,1,1,1,1
M04_1:cell_907,0,0,0,0,1,1,0,1
M04_1:cell_908,1,1,1,-1,0,0,0,0
M04_1:cell_909,0,1,1,0,1,1,1,1
M04_1:cell_91,0,0,0,-1,-1,-1,1,1
M04_1:cell_910,0,0,0,0,0,0,1,1
M04_1:cell_911,1,1,1,0,0,0,-1,1
M04_1:cell_912,1,0,0,-1,1,1,1,0
M04_1:cell_913,0,0,0,0,1,1,1,1
M04_1:cell_914,0,0,0,0,1,1,1,1
M04_1:cell_915,0,0,0,0,1,1,-1,1
M04_1:cell_916,0,0,0,0,1,1,1,1
M04_1:cell_917,0,0,0,0,0,0,1,1
M04_1:cell_918,0,0,0,0,1,1,1,1
M04_1:cell_919,0,0,0,0,1,1,0,1
M04_1:cell_92,0,0,0,0,-1,-1,1,1
M04_1:cell_920,0,0,0,0,1,1,1,1
M04_1:cell_921,1,1,1,0,1,1,1,0
M04_1:cell_922,0,0,0,0,-1,-1,1,1
M04_1:cell_923,1,1,1,0,1,1,0,0
M04_1:cell_924,0,0,0,0,1,1,1,1
M04_1:cell_925,0,0,0,0,1,1,1,1
M04_1:cell_926,0,0,0,0,1,1,1,1
M04_1:cell_927,1,1,1,0,0,0,0,0
M04_1:cell_928,1,1,1,0,1,1,1,0
M04_1:cell_929,0,0,0,0,1,1,0,1
M04_1:cell_93,0,1,1,0,1,1,1,1
M04_1:cell_930,1,0,0,0,1,1,1,0
M04_1:cell_931,1,0,0,0,1,1,1,0
M04_1:cell_932,0,1,1,0,1,1,1,1
M04_1:cell_933,0,0,0,0,1,1,1,1
M04_1:cell_934,0,1,1,0,1,1,0,0
M04_1:cell_935,0,0,0,0,1,1,1,1
M04_1:cell_936,1,1,1,0,1,1,0,0
M04_1:cell_937,0,0,0,0,0,0,1,1
M04_1:cell_938,0,0,0,0,1,1,1,1
M04_1:cell_939,0,0,0,0,1,1,1,1
M04_1:cell_94,0,0,0,0,1,1,-1,2
M04_1:cell_940,0,1,1,0,1,1,0,1
M04_1:cell_941,1,1,1,0,1,1,1,0
M04_1:cell_942,0,0,0,0,1,1,1,1
M04_1:cell_943,0,0,0,0,0,0,1,1
M04_1:cell_944,1,1,1,0,0,0,1,0
M04_1:cell_945,1,0,0,-1,1,1,1,0
M04_1:cell_946,0,0,0,0,1,1,1,0
M04_1:cell_947,0,0,0,0,1,1,1,0
M04_1:cell_948,1,0,0,0,1,1,1,1
M04_1:cell_949,0,0,0,0,1,1,1,1
M04_1:cell_95,1,1,1,0,0,0,0,2
M04_1:cell_950,1,1,1,0,0,0,-1,0
M04_1:cell_951,0,0,0,-1,1,1,1,1
M04_1:cell_952,0,0,0,0,1,1,1,1
M04_1:cell_953,0,0,0,0,1,1,1,1
M04_1:cell_954,0,0,0,0,0,0,0,1
M04_1:cell_955,0,0,0,0,1,1,1,1
M04_1:cell_956,1,0,0,0,1,1,1,0
M04_1:cell_957,0,0,0,0,1,1,0,1
M04_1:cell_958,1,1,1,0,0,0,0,1
M04_1:cell_959,0,0,0,0,1,1,1,1
M04_1:cell_96,0,0,0,0,1,1,1,1
M04_1:cell_960,-1,0,0,0,1,1,1,1
M04_1:cell_961,1,1,1,0,1,1,1,1
M04_1:cell_962,1,1,1,0,1,1,1,0
M04_1:cell_963,0,0,0,0,1,1,1,1
M04_1:cell_964,0,-1,-1,0,1,1,0,0
M04_1:cell_965,0,0,0,0,1,1,1,1
M04_1:cell_966,0,0,0,0,-1,-1,1,1
M04_1:cell_967,1,1,1,0,-1,-1,1,2
M04_1:cell_968,0,0,0,0,0,0,1,1
M04_1:cell_969,0,0,0,0,0,0,1,1
M04_1:cell_97,0,0,0,0,1,1,1,1
M04_1:cell_970,1,-1,-1,0,1,1,0,0
M04_1:cell_971,0,0,0,0,1,1,0,1
M04_1:cell_972,0,0,0,0,1,1,1,1
M04_1:cell_973,0,0,0,0,1,1,1,1
M04_1:cell_974,0,0,0,0,1,1,0,1
M04_1:cell_975,0,0,0,0,1,1,1,1
M04_1:cell_976,0,0,0,0,1,1,1,1
M04_1:cell_977,0,0,0,0,1,1,1,1
M04_1:cell_978,0,0,0,0,1,1,1,1
M04_1:cell_979,0,0,0,0,1,1,1,1
M04_1:cell_98,0,0,0,0,0,0,1,1
M04_1:cell_980,0,0,0,0,1,1,1,1
M04_1:cell_981,0,0,0,0,1,1,1,1
M04_1:cell_982,-1,-1,-1,0,0,0,-1,1
M04_1:cell_983,0,0,0,0,1,1,1,1
M04_1:cell_984,0,-1,-1,0,1,1,1,1
M04_1:cell_985,0,0,0,0,1,1,0,1
M04_1:cell_986,0,0,0,0,1,1,1,1
M04_1:cell_987,1,1,1,0,1,1,1,0
M04_1:cell_99,1,0,0,0,1,1,1,1
M04_3:cell_1,0,0,0,0,1,1,1,1
M04_3:cell_10,1,0,0,1,0,0,1,2
M04_3:cell_100,0,0,0,0,1,1,1,1
M04_3:cell_1000,0,0,0,0,1,1,1,1
M04_3:cell_1001,1,0,0,1,-1,-1,1,2
M04_3:cell_1002,1,0,0,1,0,0,1,2
M04_3:cell_1003,0,0,0,0,1,1,1,1
M04_3:cell_1004,1,0,0,1,0,0,1,2
M04_3:cell_1005,0,0,0,0,1,1,1,1
M04_3:cell_1006,1,0,0,1,0,0,1,2
M04_3:cell_1007,0,0,0,0,1,1,1,1
M04_3:cell_1008,1,0,0,-1,0,0,1,2
M04_3:cell_1009,1,0,0,1,0,0,0,2
M04_3:cell_101,1,0,0,1,0,0,0,2
M04_3:cell_1010,0,0,0,0,1,1,1,1
M04_3:cell_1011,0,0,0,0,1,1,0,1
M04_3:cell_1012,1,0,0,1,-1,-1,1,2
M04_3:cell_1013,1,0,0,1,0,0,0,2
M04_3:cell_1014,1,0,0,1,1,1,0,2
M04_3:cell_1015,1,0,0,1,0,0,0,2
M04_3:cell_1016,0,0,0,0,1,1,1,1
M04_3:cell_1017,1,0,0,1,0,0,0,2
M04_3:cell_1018,1,1,1,0,1,1,0,2
M04_3:cell_1019,0,0,0,0,1,1,1,1
M04_3:cell_102,0,0,0,0,1,1,-1,1
M04_3:cell_1020,1,0,0,1,0,0,1,2
M04_3:cell_1021,1,0,0,1,0,0,0,2
M04_3:cell_1022,1,0,0,1,-1,-1,1,2
M04_3:cell_1023,1,0,0,1,0,0,0,2
M04_3:cell_1024,1,0,0,1,0,0,0,2
M04_3:cell_1025,1,0,0,1,0,0,0,2
M04_3:cell_1026,1,0,0,1,0,0,0,2
M04_3:cell_1027,0,0,0,0,1,1,0,1
M04_3:cell_1028,1,0,0,1,0,0,0,2
M04_3:cell_1029,0,0,0,1,1,1,1,1
M04_3:cell_103,1,0,0,1,0,0,0,2
M04_3:cell_1030,1,0,0,1,0,0,0,2
M04_3:cell_1031,0,-1,-1,1,-1,-1,1,2
M04_3:cell_1032,0,0,0,0,0,0,1,1
M04_3:cell_1033,1,0,0,1,0,0,0,2
M04_3:cell_1034,0,0,0,0,1,1,1,1
M04_3:cell_1035,0,0,0,0,1,1,1,1
M04_3:cell_1036,0,0,0,0,1,1,0,1
M04_3:cell_1037,0,0,0,0,1,1,1,1
M04_3:cell_1038,1,0,0,1,1,1,1,2
M04_3:cell_1039,1,0,0,1,0,0,0,2
M04_3:cell_104,0,0,0,0,1,1,1,1
M04_3:cell_1040,0,0,0,0,1,1,1,1
M04_3:cell_1041,1,0,0,-1,0,0,1,2
M04_3:cell_1042,1,0,0,1,0,0,1,2
M04_3:cell_1043,0,0,0,0,1,1,1,1
M04_3:cell_1044,0,0,0,1,0,0,0,2
M04_3:cell_1045,1,0,0,1,-1,-1,1,2
M04_3:cell_1046,0,0,0,0,0,0,1,1
M04_3:cell_1047,0,0,0,0,1,1,1,1
M04_3:cell_1048,1,0,0,-1,0,0,1,2
M04_3:cell_1049,0,0,0,0,1,1,0,1
M04_3:cell_105,0,0,0,0,1,1,1,1
M04_3:cell_1050,1,0,0,1,0,0,1,2
M04_3:cell_1051,1,0,0,1,0,0,1,2
M04_3:cell_1052,1,0,0,-1,0,0,1,1
M04_3:cell_1053,0,0,0,0,1,1,1,1
M04_3:cell_1054,1,0,0,1,0,0,1,2
M04_3:cell_1055,1,0,0,1,0,0,0,2
M04_3:cell_1056,1,0,0,1,0,0,1,2
M04_3:cell_1057,1,0,0,1,0,0,1,2
M04_3:cell_1058,1,0,0,1,0,0,1,1
M04_3:cell_1059,0,0,0,0,1,1,1,1
M04_3:cell_106,1,0,0,1,0,0,1,2
M04_3:cell_1060,1,0,0,1,0,0,1,2
M04_3:cell_1061,0,0,0,0,1,1,1,1
M04_3:cell_1062,1,0,0,1,0,0,0,2
M04_3:cell_1063,1,0,0,1,0,0,0,2
M04_3:cell_1064,0,0,0,0,1,1,0,1
M04_3:cell_1065,1,-1,-1,1,0,0,1,2
M04_3:cell_1066,0,0,0,0,1,1,1,1
M04_3:cell_1067,0,0,0,1,0,0,1,2
M04_3:cell_1068,1,0,0,1,0,0,0,2
M04_3:cell_1069,0,0,0,0,1,1,1,1
M04_3:cell_107,0,0,0,0,1,1,1,1
M04_3:cell_1070,0,0,0,-1,-1,-1,1,1
M04_3:cell_1071,0,0,0,1,0,0,1,2
M04_3:cell_1072,0,0,0,0,0,0,1,1
M04_3:cell_1073,1,0,0,1,0,0,1,2
M04_3:cell_1074,0,0,0,1,0,0,1,2
M04_3:cell_1075,0,0,0,0,1,1,1,1
M04_3:cell_1076,1,0,0,1,0,0,1,2
M04_3:cell_1077,1,0,0,1,0,0,0,2
M04_3:cell_1078,1,0,0,1,0,0,1,2
M04_3:cell_1079,0,0,0,0,0,0,1,1
M04_3:cell_108,0,0,0,1,1,1,1,2
M04_3:cell_1080,0,0,0,0,1,1,0,1
M04_3:cell_1081,0,0,0,0,1,1,0,1
M04_3:cell_1082,1,0,0,-1,-1,-1,0,2
M04_3:cell_1083,1,0,0,0,1,1,1,1
M04_3:cell_1084,1,0,0,1,0,0,1,2
M04_3:cell_1085,1,0,0,1,0,0,1,1
M04_3:cell_1086,0,0,0,0,0,0,0,1
M04_3:cell_1087,0,0,0,1,0,0,1,2
M04_3:cell_1088,1,0,0,1,0,0,0,2
M04_3:cell_1089,1,0,0,1,0,0,1,2
M04_3:cell_109,1,0,0,1,0,0,1,2
M04_3:cell_1090,1,0,0,1,0,0,1,2
M04_3:cell_1091,0,0,0,0,1,1,-1,1
M04_3:cell_1092,1,0,0,1,-1,-1,1,2
M04_3:cell_1093,1,0,0,1,0,0,1,2
M04_3:cell_1094,1,0,0,1,-1,-1,0,2
M04_3:cell_1095,0,0,0,1,1,1,0,2
M04_3:cell_1096,0,0,0,0,1,1,1,1
M04_3:cell_1097,1,0,0,1,0,0,1,2
M04_3:cell_1098,1,0,0,1,0,0,1,2
M04_3:cell_1099,0,0,0,0,1,1,1,1
M04_3:cell_11,1,0,0,1,1,1,1,1
M04_3:cell_110,1,0,0,1,0,0,1,2
M04_3:cell_1100,0,0,0,0,1,1,1,2
M04_3:cell_1101,1,0,0,1,0,0,1,2
M04_3:cell_1102,0,0,0,0,1,1,1,1
M04_3:cell_1103,1,0,0,1,0,0,0,2
M04_3:cell_1104,0,0,0,0,1,1,1,1
M04_3:cell_1105,1,0,0,1,0,0,0,2
M04_3:cell_1106,1,0,0,1,0,0,0,2
M04_3:cell_1107,1,0,0,1,0,0,1,2
M04_3:cell_1108,1,0,0,1,0,0,1,2
M04_3:cell_1109,0,0,0,1,-1,-1,1,2
M04_3:cell_111,0,0,0,0,1,1,1,1
M04_3:cell_1110,1,0,0,1,0,0,-1,2
M04_3:cell_1111,1,0,0,1,1,1,1,2
M04_3:cell_1112,1,0,0,1,0,0,0,0
M04_3:cell_1113,1,0,0,1,0,0,0,2
M04_3:cell_1114,1,0,0,0,1,1,1,1
M04_3:cell_1115,1,0,0,1,0,0,1,2
M04_3:cell_1116,1,0,0,1,0,0,1,2
M04_3:cell_1117,1,0,0,1,0,0,1,2
M04_3:cell_1118,0,0,0,0,1,1,1,1
M04_3:cell_1119,0,0,0,0,1,1,1,1
M04_3:cell_112,1,0,0,1,0,0,0,2
M04_3:cell_1120,1,0,0,-1,0,0,0,2
M04_3:cell_1121,1,0,0,1,0,0,1,2
M04_3:cell_1122,1,0,0,1,0,0,0,2
M04_3:cell_1123,1,0,0,1,0,0,0,2
M04_3:cell_1124,0,0,0,0,1,1,1,1
M04_3:cell_1125,0,0,0,1,1,1,0,2
M04_3:cell_1126,0,0,0,0,1,1,1,1
M04_3:cell_1127,0,0,0,0,1,1,1,1
M04_3:cell_1128,1,0,0,1,0,0,1,2
M04_3:cell_1129,0,0,0,0,1,1,1,1
M04_3:cell_113,1,0,0,1,0,0,0,2
M04_3:cell_1130,0,0,0,0,1,1,1,1
M04_3:cell_1131,0,0,0,0,1,1,1,1
M04_3:cell_1132,0,0,0,1,1,1,1,1
M04_3:cell_1133,1,0,0,-1,0,0,1,2
M04_3:cell_1134,1,0,0,1,0,0,1,2
M04_3:cell_1135,1,0,0,1,-1,-1,1,2
M04_3:cell_1136,0,0,0,0,1,1,0,1
M04_3:cell_1137,1,0,0,1,0,0,1,2
M04_3:cell_1138,0,0,0,0,1,1,1,1
M04_3:cell_1139,0,0,0,0,1,1,0,1
M04_3:cell_114,1,0,0,1,0,0,1,2
M04_3:cell_1140,1,0,0,1,0,0,0,2
M04_3:cell_1141,1,0,0,1,0,0,0,2
M04_3:cell_1142,1,0,0,-1,0,0,1,2
M04_3:cell_1143,1,0,0,1,0,0,1,2
M04_3:cell_1144,1,1,1,0,1,1,1,1
M04_3:cell_1145,1,0,0,1,0,0,1,2
M04_3:cell_1146,1,0,0,1,0,0,1,2
M04_3:cell_1147,0,0,0,0,1,1,0,1
M04_3:cell_1148,1,0,0,1,-1,-1,0,2
M04_3:cell_1149,0,0,0,0,1,1,1,1
M04_3:cell_115,1,0,0,1,0,0,1,2
M04_3:cell_1150,0,0,0,0,1,1,1,1
M04_3:cell_1151,0,0,0,0,1,1,1,1
M04_3:cell_1152,0,0,0,0,1,1,0,1
M04_3:cell_1153,1,0,0,1,0,0,1,2
M04_3:cell_1154,1,0,0,1,0,0,1,2
M04_3:cell_1155,1,0,0,1,0,0,0,2
M04_3:cell_1156,1,0,0,1,-1,-1,1,2
M04_3:cell_1157,1,0,0,1,0,0,1,2
M04_3:cell_1158,-1,0,0,0,0,0,1,1
M04_3:cell_1159,0,0,0,0,1,1,1,1
M04_3:cell_116,0,0,0,0,1,1,1,1
M04_3:cell_1160,0,0,0,0,1,1,1,1
M04_3:cell_1161,1,0,0,1,0,0,1,2
M04_3:cell_1162,1,0,0,1,0,0,1,2
M04_3:cell_1163,1,0,0,1,0,0,1,2
M04_3:cell_1164,0,0,0,0,1,1,1,1
M04_3:cell_1165,1,0,0,1,0,0,1,2
M04_3:cell_1166,1,0,0,1,1,1,1,2
M04_3:cell_117,1,0,0,1,-1,-1,1,2
M04_3:cell_118,0,0,0,0,1,1,1,1
M04_3:cell_119,0,0,0,0,1,1,1,1
M04_3:cell_12,1,-1,-1,1,0,0,0,2
M04_3:cell_120,0,0,0,0,0,0,1,1
M04_3:cell_121,1,0,0,1,0,0,1,2
M04_3:cell_122,1,0,0,1,0,0,0,2
M04_3:cell_123,1,0,0,1,0,0,1,2
M04_3:cell_124,0,0,0,0,1,1,1,1
M04_3:cell_125,1,0,0,1,0,0,1,2
M04_3:cell_126,1,0,0,1,0,0,1,2
M04_3:cell_127,0,0,0,1,0,0,1,2
M04_3:cell_128,1,0,0,1,0,0,0,2
M04_3:cell_129,0,0,0,1,0,0,1,2
M04_3:cell_13,0,0,0,0,0,0,1,1
M04_3:cell_130,1,0,0,1,0,0,0,2
M04_3:cell_131,0,0,0,0,0,0,1,1
M04_3:cell_132,0,0,0,1,1,1,1,2
M04_3:cell_133,1,0,0,1,0,0,0,2
M04_3:cell_134,1,0,0,1,0,0,1,2
M04_3:cell_135,1,0,0,1,0,0,1,2
M04_3:cell_136,0,0,0,1,0,0,0,2
M04_3:cell_137,0,0,0,0,1,1,1,1
M04_3:cell_138,-1,0,0,1,0,0,1,2
M04_3:cell_139,1,0,0,1,0,0,0,2
M04_3:cell_14,1,0,0,1,0,0,0,2
M04_3:cell_140,0,0,0,0,1,1,1,2
M04_3:cell_141,0,0,0,0,1,1,1,1
M04_3:cell_142,1,0,0,1,0,0,0,2
M04_3:cell_143,0,0,0,0,1,1,1,1
M04_3:cell_144,0,0,0,1,0,0,0,2
M04_3:cell_145,0,0,0,0,0,0,0,1
M04_3:cell_146,0,0,0,0,1,1,0,1
M04_3:cell_147,1,0,0,1,0,0,0,2
M04_3:cell_148,1,0,0,-1,0,0,0,2
M04_3:cell_149,0,0,0,1,0,0,1,2
M04_3:cell_15,1,0,0,1,1,1,1,2
M04_3:cell_150,0,0,0,0,1,1,1,1
M04_3:cell_151,1,0,0,1,-1,-1,1,2
M04_3:cell_152,1,0,0,1,0,0,0,2
M04_3:cell_153,0,1,1,0,0,0,1,2
M04_3:cell_154,1,0,0,1,0,0,1,2
M04_3:cell_155,0,0,0,0,1,1,1,1
M04_3:cell_156,0,0,0,1,0,0,1,2
M04_3:cell_157,0,0,0,0,1,1,0,1
M04_3:cell_158,0,0,0,0,1,1,1,1
M04_3:cell_159,1,-1,-1,1,-1,-1,0,2
M04_3:cell_16,0,0,0,0,0,0,1,1
M04_3:cell_160,1,0,0,1,0,0,1,2
M04_3:cell_161,0,0,0,0,1,1,1,1
M04_3:cell_162,1,0,0,1,0,0,1,2
M04_3:cell_163,0,0,0,0,1,1,1,1
M04_3:cell_164,1,0,0,-1,-1,-1,1,2
M04_3:cell_165,0,0,0,0,1,1,1,1
M04_3:cell_166,1,0,0,1,-1,-1,1,2
M04_3:cell_167,0,0,0,0,1,1,1,1
M04_3:cell_168,1,0,0,1,0,0,1,2
M04_3:cell_169,1,-1,-1,1,0,0,1,2
M04_3:cell_17,1,0,0,1,-1,-1,0,2
M04_3:cell_170,1,0,0,1,0,0,1,1
M04_3:cell_171,0,0,0,1,0,0,1,2
M04_3:cell_172,0,0,0,0,1,1,1,1
M04_3:cell_173,0,0,0,0,1,1,0,1
M04_3:cell_174,0,0,0,1,0,0,1,2
M04_3:cell_175,1,0,0,1,1,1,0,2
M04_3:cell_176,0,0,0,0,1,1,1,1
M04_3:cell_177,1,0,0,1,-1,-1,1,2
M04_3:cell_178,0,0,0,0,1,1,0,1
M04_3:cell_179,1,0,0,1,0,0,1,2
M04_3:cell_18,0,0,0,0,1,1,1,1
M04_3:cell_180,1,0,0,1,0,0,1,2
M04_3:cell_181,0,0,0,-1,1,1,1,0
M04_3:cell_182,1,0,0,1,-1,-1,1,2
M04_3:cell_183,0,0,0,0,1,1,1,1
M04_3:cell_184,1,0,0,1,0,0,0,2
M04_3:cell_185,1,0,0,1,0,0,1,2
M04_3:cell_186,1,0,0,1,0,0,0,2
M04_3:cell_187,0,0,0,0,1,1,1,1
M04_3:cell_188,1,0,0,1,0,0,1,2
M04_3:cell_189,0,0,0,0,1,1,1,1
M04_3:cell_19,1,0,0,1,0,0,1,2
M04_3:cell_190,0,1,1,0,1,1,1,0
M04_3:cell_191,0,0,0,0,1,1,1,1
M04_3:cell_192,1,0,0,1,0,0,1,2
M04_3:cell_193,1,0,0,1,0,0,0,2
M04_3:cell_194,1,0,0,1,0,0,0,2
M04_3:cell_195,0,0,0,0,1,1,1,1
M04_3:cell_196,1,0,0,1,1,1,1,1
M04_3:cell_197,0,0,0,0,1,1,1,1
M04_3:cell_198,1,0,0,1,0,0,0,2
M04_3:cell_199,1,0,0,1,0,0,0,2
M04_3:cell_2,0,0,0,0,1,1,1,1
M04_3:cell_20,1,0,0,1,0,0,1,2
M04_3:cell_200,1,0,0,1,0,0,0,2
M04_3:cell_201,1,0,0,1,0,0,0,2
M04_3:cell_202,1,0,0,1,0,0,1,2
M04_3:cell_203,0,0,0,1,0,0,1,2
M04_3:cell_204,0,0,0,0,1,1,1,1
M04_3:cell_205,0,0,0,0,1,1,1,1
M04_3:cell_206,1,0,0,1,0,0,1,2
M04_3:cell_207,1,0,0,1,0,0,1,2
M04_3:cell_208,0,0,0,0,1,1,1,1
M04_3:cell_209,0,0,0,0,1,1,1,1
M04_3:cell_21,1,0,0,1,-1,-1,1,2
M04_3:cell_210,0,0,0,0,1,1,1,1
M04_3:cell_211,1,0,0,1,0,0,1,2
M04_3:cell_212,0,0,0,0,1,1,1,1
M04_3:cell_213,0,0,0,0,1,1,1,1
M04_3:cell_214,1,0,0,1,0,0,0,2
M04_3:cell_215,1,0,0,1,0,0,1,2
M04_3:cell_216,1,0,0,1,0,0,1,2
M04_3:cell_217,0,0,0,1,0,0,1,2
M04_3:cell_218,1,0,0,1,0,0,0,2
M04_3:cell_219,0,0,0,0,0,0,0,2
M04_3:cell_22,1,0,0,1,0,0,0,2
M04_3:cell_220,0,0,0,1,0,0,0,2
M04_3:cell_221,1,0,0,1,0,0,1,2
M04_3:cell_222,0,0,0,1,0,0,0,2
M04_3:cell_223,1,0,0,1,0,0,0,2
M04_3:cell_224,1,0,0,1,0,0,1,2
M04_3:cell_225,0,0,0,0,-1,-1,-1,1
M04_3:cell_226,1,-1,-1,1,0,0,0,2
M04_3:cell_227,1,0,0,1,0,0,1,1
M04_3:cell_228,0,0,0,0,1,1,1,1
M04_3:cell_229,0,0,0,0,1,1,1,1
M04_3:cell_23,0,0,0,0,0,0,1,2
M04_3:cell_230,1,0,0,-1,0,0,1,2
M04_3:cell_231,1,0,0,-1,0,0,1,2
M04_3:cell_232,0,0,0,0,1,1,0,1
M04_3:cell_233,1,0,0,1,0,0,0,2
M04_3:cell_234,0,0,0,0,1,1,1,1
M04_3:cell_235,0,0,0,0,1,1,-1,1
M04_3:cell_236,1,0,0,1,0,0,1,2
M04_3:cell_237,0,1,1,0,1,1,0,0
M04_3:cell_238,1,0,0,-1,0,0,0,2
M04_3:cell_239,0,0,0,0,1,1,1,1
M04_3:cell_24,1,0,0,1,0,0,0,2
M04_3:cell_240,0,0,0,0,0,0,0,1
M04_3:cell_241,0,0,0,0,1,1,1,1
M04_3:cell_242,0,0,0,0,1,1,0,1
M04_3:cell_243,1,0,0,1,0,0,0,2
M04_3:cell_244,0,0,0,0,0,0,1,1
M04_3:cell_245,1,0,0,1,0,0,1,2
M04_3:cell_246,1,0,0,1,0,0,1,2
M04_3:cell_247,1,0,0,-1,0,0,1,2
M04_3:cell_248,0,0,0,0,1,1,1,1
M04_3:cell_249,0,0,0,1,0,0,1,2
M04_3:cell_25,1,-1,-1,1,-1,-1,1,2
M04_3:cell_250,1,0,0,1,0,0,0,2
M04_3:cell_251,0,0,0,0,1,1,1,1
M04_3:cell_252,1,0,0,1,0,0,1,2
M04_3:cell_253,1,0,0,1,0,0,0,2
M04_3:cell_254,1,1,1,0,1,1,0,0
M04_3:cell_255,0,0,0,1,0,0,1,1
M04_3:cell_256,1,0,0,1,-1,-1,1,0
M04_3:cell_257,1,0,0,1,0,0,0,2
M04_3:cell_258,1,0,0,1,0,0,1,2
M04_3:cell_259,0,0,0,0,1,1,0,1
M04_3:cell_26,1,0,0,1,1,1,1,2
M04_3:cell_260,1,0,0,1,0,0,1,2
M04_3:cell_261,1,0,0,1,0,0,1,2
M04_3:cell_262,1,0,0,1,0,0,1,2
M04_3:cell_263,1,0,0,1,0,0,1,2
M04_3:cell_264,-1,0,0,1,0,0,0,2
M04_3:cell_265,1,0,0,1,0,0,0,2
M04_3:cell_266,1,0,0,1,0,0,0,2
M04_3:cell_267,0,0,0,0,1,1,1,1
M04_3:cell_268,0,0,0,0,1,1,1,1
M04_3:cell_269,0,0,0,1,1,1,0,1
M04_3:cell_27,0,0,0,1,1,1,1,2
M04_3:cell_270,1,0,0,1,0,0,1,2
M04_3:cell_271,1,0,0,1,0,0,1,2
M04_3:cell_272,1,0,0,1,0,0,1,0
M04_3:cell_273,1,0,0,1,1,1,1,2
M04_3:cell_274,1,0,0,1,0,0,0,2
M04_3:cell_275,0,0,0,0,1,1,-1,1
M04_3:cell_276,1,0,0,1,0,0,0,2
M04_3:cell_277,0,0,0,0,1,1,1,1
M04_3:cell_278,0,0,0,0,1,1,1,1
M04_3:cell_279,0,0,0,1,0,0,0,2
M04_3:cell_28,1,0,0,-1,0,0,1,2
M04_3:cell_280,1,0,0,-1,0,0,1,2
M04_3:cell_281,0,0,0,0,1,1,1,1
M04_3:cell_282,0,0,0,1,0,0,0,2
M04_3:cell_283,0,0,0,1,0,0,0,2
M04_3:cell_284,0,0,0,1,0,0,1,2
M04_3:cell_285,0,0,0,0,1,1,0,1
M04_3:cell_286,0,0,0,0,1,1,1,1
M04_3:cell_287,0,0,0,0,1,1,1,1
M04_3:cell_288,1,0,0,-1,0,0,0,2
M04_3:cell_289,1,0,0,1,0,0,1,2
M04_3:cell_29,1,0,0,1,1,1,1,2
M04_3:cell_290,0,0,0,-1,0,0,1,2
M04_3:cell_291,0,0,0,0,1,1,0,1
M04_3:cell_292,0,0,0,0,1,1,1,1
M04_3:cell_293,0,0,0,0,1,1,1,1
M04_3:cell_294,0,0,0,0,1,1,1,1
M04_3:cell_295,1,0,0,1,0,0,0,2
M04_3:cell_296,0,0,0,0,1,1,1,1
M04_3:cell_297,1,0,0,1,-1,-1,0,2
M04_3:cell_298,1,0,0,1,1,1,1,0
M04_3:cell_299,0,0,0,0,1,1,0,1
M04_3:cell_3,1,0,0,1,0,0,1,2
M04_3:cell_30,1,0,0,1,0,0,0,2
M04_3:cell_300,1,0,0,-1,0,0,1,2
M04_3:cell_301,0,0,0,0,1,1,1,1
M04_3:cell_302,1,0,0,1,0,0,0,2
M04_3:cell_303,1,0,0,1,1,1,1,1
M04_3:cell_304,1,0,0,1,0,0,1,2
M04_3:cell_305,1,0,0,1,0,0,1,2
M04_3:cell_306,0,0,0,0,1,1,0,1
M04_3:cell_307,0,0,0,0,1,1,1,1
M04_3:cell_308,1,-1,-1,1,0,0,1,2
M04_3:cell_309,0,0,0,0,1,1,1,1
M04_3:cell_31,1,0,0,1,0,0,1,2
M04_3:cell_310,0,0,0,1,0,0,1,2
M04_3:cell_311,0,0,0,1,0,0,0,2
M04_3:cell_312,1,0,0,-1,0,0,1,2
M04_3:cell_313,0,0,0,0,1,1,1,1
M04_3:cell_314,1,0,0,0,1,1,1,1
M04_3:cell_315,1,0,0,1,0,0,0,2
M04_3:cell_316,1,0,0,1,0,0,1,2
M04_3:cell_317,1,0,0,1,0,0,1,2
M04_3:cell_318,1,0,0,1,-1,-1,0,2
M04_3:cell_319,0,0,0,0,0,0,1,1
M04_3:cell_32,0,0,0,0,0,0,1,1
M04_3:cell_320,1,0,0,1,1,1,1,2
M04_3:cell_321,1,0,0,1,0,0,0,2
M04_3:cell_322,0,0,0,1,0,0,1,2
M04_3:cell_323,1,0,0,1,0,0,1,2
M04_3:cell_324,0,0,0,0,1,1,1,1
M04_3:cell_325,1,0,0,1,0,0,1,2
M04_3:cell_326,0,0,0,0,0,0,-1,1
M04_3:cell_327,1,0,0,-1,0,0,1,2
M04_3:cell_328,0,0,0,0,0,0,0,1
M04_3:cell_329,0,0,0,0,0,0,1,1
M04_3:cell_33,0,0,0,0,0,0,-1,1
M04_3:cell_330,0,0,0,0,0,0,1,1
M04_3:cell_331,1,0,0,1,0,0,1,2
M04_3:cell_332,1,0,0,1,0,0,1,2
M04_3:cell_333,1,0,0,1,1,1,0,1
M04_3:cell_334,1,0,0,1,0,0,1,2
M04_3:cell_335,1,0,0,1,0,0,0,2
M04_3:cell_336,0,0,0,0,1,1,1,1
M04_3:cell_337,0,0,0,0,1,1,0,1
M04_3:cell_338,0,0,0,0,0,0,1,1
M04_3:cell_339,0,0,0,0,1,1,1,1
M04_3:cell_34,1,0,0,1,0,0,1,2
M04_3:cell_340,1,0,0,1,0,0,1,2
M04_3:cell_341,0,0,0,0,1,1,1,1
M04_3:cell_342,1,0,0,1,0,0,1,2
M04_3:cell_343,1,0,0,1,-1,-1,1,2
M04_3:cell_344,0,0,0,0,1,1,1,1
M04_3:cell_345,0,0,0,0,1,1,0,1
M04_3:cell_346,0,0,0,0,1,1,1,1
M04_3:cell_347,-1,0,0,1,0,0,0,2
M04_3:cell_348,0,0,0,0,1,1,0,1
M04_3:cell_349,0,0,0,1,0,0,0,2
M04_3:cell_35,1,0,0,1,0,0,1,2
M04_3:cell_350,1,0,0,1,0,0,0,2
M04_3:cell_351,1,0,0,1,-1,-1,1,2
M04_3:cell_352,1,0,0,1,0,0,0,2
M04_3:cell_353,0,0,0,0,1,1,1,1
M04_3:cell_354,1,0,0,1,0,0,1,2
M04_3:cell_355,1,0,0,-1,0,0,0,0
M04_3:cell_356,1,0,0,1,0,0,1,2
M04_3:cell_357,0,0,0,1,0,0,0,2
M04_3:cell_358,0,0,0,0,0,0,0,1
M04_3:cell_359,1,0,0,-1,0,0,0,2
M04_3:cell_36,1,0,0,1,0,0,1,2
M04_3:cell_360,0,0,0,0,1,1,0,1
M04_3:cell_361,0,0,0,0,1,1,1,1
M04_3:cell_362,0,0,0,0,1,1,1,1
M04_3:cell_363,1,-1,1,0,1,1,0,0
M04_3:cell_364,1,0,0,1,0,0,1,2
M04_3:cell_365,1,0,0,1,0,0,0,2
M04_3:cell_366,0,0,0,1,1,1,1,1
M04_3:cell_367,0,0,0,1,0,0,0,2
M04_3:cell_368,1,0,0,1,0,0,1,2
M04_3:cell_369,1,0,0,1,0,0,1,2
M04_3:cell_37,0,0,0,0,1,1,1,1
M04_3:cell_370,0,0,0,0,1,1,1,1
M04_3:cell_371,1,0,0,1,0,0,1,2
M04_3:cell_372,0,0,0,0,1,1,1,1
M04_3:cell_373,0,0,0,0,1,1,1,1
M04_3:cell_374,1,0,0,1,0,0,1,2
M04_3:cell_375,0,0,0,0,1,1,1,1
M04_3:cell_376,0,0,0,1,0,0,1,2
M04_3:cell_377,1,0,0,1,0,0,0,2
M04_3:cell_378,1,0,0,1,0,0,1,2
M04_3:cell_379,1,0,0,1,0,0,1,2
M04_3:cell_38,1,0,0,1,0,0,1,2
M04_3:cell_380,0,0,0,1,0,0,1,2
M04_3:cell_381,0,0,0,0,1,1,1,1
M04_3:cell_382,1,0,0,1,0,0,0,2
M04_3:cell_383,1,0,0,1,0,0,1,2
M04_3:cell_384,1,0,0,1,0,0,1,2
M04_3:cell_385,1,0,0,1,0,0,1,2
M04_3:cell_386,1,0,0,1,1,1,1,2
M04_3:cell_387,1,0,0,1,0,0,1,1
M04_3:cell_388,0,0,0,0,1,1,1,1
M04_3:cell_389,0,0,0,0,1,1,0,1
M04_3:cell_39,1,0,0,1,0,0,1,2
M04_3:cell_390,0,0,0,1,0,0,0,2
M04_3:cell_391,1,0,0,1,0,0,0,2
M04_3:cell_392,0,0,0,0,1,1,0,1
M04_3:cell_393,1,0,0,1,0,0,1,2
M04_3:cell_394,1,0,0,1,-1,-1,1,2
M04_3:cell_395,1,0,0,1,0,0,1,2
M04_3:cell_396,1,0,0,1,0,0,1,2
M04_3:cell_397,1,0,0,1,0,0,1,2
M04_3:cell_398,1,0,0,1,0,0,0,2
M04_3:cell_399,0,0,0,0,1,1,1,1
M04_3:cell_4,0,0,0,0,1,1,1,1
M04_3:cell_40,1,0,0,-1,0,0,1,2
M04_3:cell_400,0,0,0,0,1,1,0,1
M04_3:cell_401,0,0,0,1,0,0,0,2
M04_3:cell_402,1,0,0,1,0,0,1,2
M04_3:cell_403,1,0,0,1,0,0,1,2
M04_3:cell_404,0,0,0,0,-1,-1,1,1
M04_3:cell_405,0,0,0,0,1,1,1,1
M04_3:cell_406,1,0,0,1,0,0,1,2
M04_3:cell_407,1,0,0,1,0,0,0,2
M04_3:cell_408,1,0,0,1,0,0,1,2
M04_3:cell_409,0,0,0,0,1,1,0,1
M04_3:cell_41,0,0,0,0,1,1,1,2
M04_3:cell_410,0,0,0,0,1,1,1,1
M04_3:cell_411,0,0,0,0,1,1,1,2
M04_3:cell_412,0,0,0,0,1,1,1,1
M04_3:cell_413,1,0,0,1,0,0,0,2
M04_3:cell_414,0,0,0,1,0,0,1,2
M04_3:cell_415,1,0,0,1,0,0,1,2
M04_3:cell_416,0,0,0,0,1,1,1,1
M04_3:cell_417,1,0,0,1,0,0,0,2
M04_3:cell_418,0,0,0,0,1,1,1,1
M04_3:cell_419,1,0,0,1,0,0,0,2
M04_3:cell_42,0,0,0,0,1,1,1,1
M04_3:cell_420,0,0,0,0,1,1,1,1
M04_3:cell_421,0,0,0,0,1,1,1,1
M04_3:cell_422,0,0,0,0,0,0,1,1
M04_3:cell_423,1,0,0,1,0,0,0,1
M04_3:cell_424,0,0,0,0,0,0,0,1
M04_3:cell_425,1,0,0,1,0,0,1,2
M04_3:cell_426,1,0,0,1,0,0,1,2
M04_3:cell_427,0,0,0,0,1,1,1,1
M04_3:cell_428,1,0,0,1,1,1,1,2
M04_3:cell_429,1,0,0,1,0,0,1,2
M04_3:cell_43,1,0,0,1,0,0,1,2
M04_3:cell_430,1,1,1,0,1,1,1,0
M04_3:cell_431,1,0,0,1,0,0,1,2
M04_3:cell_432,1,0,0,1,0,0,1,2
M04_3:cell_433,0,0,0,0,1,1,1,1
M04_3:cell_434,1,0,0,1,0,0,1,2
M04_3:cell_435,1,0,0,1,0,0,1,2
M04_3:cell_436,1,0,0,1,1,1,1,2
M04_3:cell_437,0,0,0,0,1,1,1,1
M04_3:cell_438,1,0,0,1,0,0,1,2
M04_3:cell_439,1,0,0,1,0,0,1,2
M04_3:cell_44,1,0,0,1,0,0,1,2
M04_3:cell_440,1,0,0,-1,0,0,1,2
M04_3:cell_441,1,0,0,1,0,0,1,2
M04_3:cell_442,0,0,0,0,1,1,1,1
M04_3:cell_443,1,0,0,1,0,0,1,2
M04_3:cell_444,1,0,0,1,0,0,0,2
M04_3:cell_445,1,0,0,1,0,0,0,2
M04_3:cell_446,0,0,0,1,0,0,1,2
M04_3:cell_447,1,-1,-1,1,0,0,1,2
M04_3:cell_448,0,0,0,0,1,1,1,1
M04_3:cell_449,1,-1,0,1,0,0,0,0
M04_3:cell_45,1,0,0,1,0,0,1,2
M04_3:cell_450,0,0,0,0,1,1,0,1
M04_3:cell_451,1,0,0,1,0,0,1,2
M04_3:cell_452,1,0,0,1,-1,-1,0,2
M04_3:cell_453,0,0,0,0,1,1,1,1
M04_3:cell_454,0,0,0,0,0,0,1,1
M04_3:cell_455,1,0,0,1,0,0,1,2
M04_3:cell_456,0,0,0,0,1,1,1,1
M04_3:cell_457,0,0,0,0,1,1,1,1
M04_3:cell_458,1,0,0,1,0,0,1,2
M04_3:cell_459,1,0,0,-1,-1,-1,1,2
M04_3:cell_46,1,0,0,1,1,1,1,1
M04_3:cell_460,1,0,0,1,0,0,1,2
M04_3:cell_461,0,0,0,0,1,1,0,1
M04_3:cell_462,1,0,0,1,0,0,0,2
M04_3:cell_463,0,0,0,1,0,0,0,2
M04_3:cell_464,0,0,0,0,1,1,1,1
M04_3:cell_465,1,0,0,1,0,0,1,2
M04_3:cell_466,1,0,0,1,0,0,0,2
M04_3:cell_467,1,0,0,1,0,0,1,2
M04_3:cell_468,1,0,0,1,0,0,0,2
M04_3:cell_469,1,0,0,1,0,0,0,2
M04_3:cell_47,1,0,0,1,0,0,1,2
M04_3:cell_470,1,0,0,1,-1,-1,1,2
M04_3:cell_471,1,0,0,0,1,1,1,1
M04_3:cell_472,0,0,0,0,1,1,1,1
M04_3:cell_473,0,0,0,0,0,0,1,1
M04_3:cell_474,0,0,0,0,1,1,1,2
M04_3:cell_475,0,0,0,0,1,1,1,1
M04_3:cell_476,1,0,0,1,0,0,0,2
M04_3:cell_477,1,0,0,1,0,0,0,2
M04_3:cell_478,1,0,0,-1,0,0,1,2
M04_3:cell_479,1,0,0,1,0,0,1,2
M04_3:cell_48,0,0,0,0,1,1,1,1
M04_3:cell_480,0,0,0,0,1,1,1,1
M04_3:cell_481,1,0,0,1,0,0,1,2
M04_3:cell_482,1,0,0,1,0,0,1,2
M04_3:cell_483,1,0,0,-1,1,1,1,1
M04_3:cell_484,1,0,0,1,0,0,0,1
M04_3:cell_485,1,0,0,1,0,0,0,2
M04_3:cell_486,0,0,0,0,1,1,1,2
M04_3:cell_487,1,0,0,1,0,0,0,2
M04_3:cell_488,1,0,0,1,0,0,0,2
M04_3:cell_489,0,0,0,0,1,1,1,1
M04_3:cell_49,1,0,0,1,0,0,1,2
M04_3:cell_490,1,0,0,1,0,0,1,2
M04_3:cell_491,0,0,0,0,1,1,0,1
M04_3:cell_492,0,-1,-1,1,-1,-1,1,2
M04_3:cell_493,1,0,0,1,1,1,1,2
M04_3:cell_494,1,0,0,1,0,0,1,2
M04_3:cell_495,1,0,0,1,0,0,1,2
M04_3:cell_496,1,0,0,1,0,0,1,2
M04_3:cell_497,1,0,0,1,0,0,1,2
M04_3:cell_498,1,0,0,1,0,0,1,2
M04_3:cell_499,0,0,0,0,1,1,1,1
M04_3:cell_5,1,0,0,1,1,1,1,2
M04_3:cell_50,1,0,0,1,0,0,0,2
M04_3:cell_500,0,0,0,1,-1,-1,0,1
M04_3:cell_501,1,0,0,1,0,0,1,2
M04_3:cell_502,0,0,0,0,1,1,1,1
M04_3:cell_503,1,0,0,1,0,0,1,2
M04_3:cell_504,1,0,0,1,0,0,0,2
M04_3:cell_505,0,0,0,1,1,1,1,1
M04_3:cell_506,1,0,0,1,0,0,1,2
M04_3:cell_507,1,1,1,1,0,0,1,2
M04_3:cell_508,1,0,0,1,0,0,1,2
M04_3:cell_509,1,0,0,-1,0,0,1,2
M04_3:cell_51,1,1,1,0,1,1,1,2
M04_3:cell_510,1,0,0,1,0,0,1,2
M04_3:cell_511,1,0,0,-1,0,0,1,0
M04_3:cell_512,1,0,0,1,0,0,1,2
M04_3:cell_513,1,0,0,1,0,0,0,2
M04_3:cell_514,1,0,0,1,0,0,0,2
M04_3:cell_515,1,0,0,1,0,0,1,2
M04_3:cell_516,0,0,0,0,1,1,1,1
M04_3:cell_517,0,0,0,0,1,1,1,1
M04_3:cell_518,0,0,0,0,1,1,0,1
M04_3:cell_519,1,0,0,1,0,0,0,2
M04_3:cell_52,1,0,0,1,0,0,1,2
M04_3:cell_520,1,-1,-1,1,0,0,1,2
M04_3:cell_521,1,0,0,0,1,1,1,1
M04_3:cell_522,1,0,0,1,1,1,1,2
M04_3:cell_523,1,0,0,1,0,0,1,2
M04_3:cell_524,0,0,0,0,1,1,0,1
M04_3:cell_525,0,0,0,0,1,1,1,1
M04_3:cell_526,1,0,0,1,0,0,0,0
M04_3:cell_527,0,0,0,0,1,1,1,1
M04_3:cell_528,1,0,0,1,0,0,1,2
M04_3:cell_529,0,0,0,1,0,0,1,2
M04_3:cell_53,1,0,0,1,0,0,1,2
M04_3:cell_530,0,0,0,0,1,1,0,1
M04_3:cell_531,0,0,0,1,0,0,1,2
M04_3:cell_532,0,0,0,0,0,0,-1,1
M04_3:cell_533,0,0,0,0,1,1,1,1
M04_3:cell_534,0,0,0,0,1,1,1,1
M04_3:cell_535,1,0,0,1,0,0,1,2
M04_3:cell_536,1,0,0,1,0,0,0,2
M04_3:cell_537,0,0,0,0,-1,-1,1,1
M04_3:cell_538,1,0,0,1,1,1,1,2
M04_3:cell_539,0,0,0,0,1,1,0,1
M04_3:cell_54,0,0,0,0,0,0,1,1
M04_3:cell_540,0,0,0,0,1,1,0,1
M04_3:cell_541,0,0,0,0,1,1,1,1
M04_3:cell_542,1,0,0,1,0,0,1,2
M04_3:cell_543,1,0,0,1,1,1,1,2
M04_3:cell_544,1,0,0,1,0,0,1,2
M04_3:cell_545,1,0,0,1,0,0,1,2
M04_3:cell_546,0,0,0,0,1,1,1,1
M04_3:cell_547,0,0,0,0,1,1,1,1
M04_3:cell_548,1,0,0,1,0,0,0,2
M04_3:cell_549,1,0,0,1,0,0,1,2
M04_3:cell_55,1,0,0,0,1,1,1,2
M04_3:cell_550,0,0,0,0,1,1,0,1
M04_3:cell_551,0,0,0,0,1,1,1,1
M04_3:cell_552,0,0,0,0,1,1,0,1
M04_3:cell_553,1,0,0,1,-1,-1,0,2
M04_3:cell_554,1,0,0,1,0,0,0,2
M04_3:cell_555,1,0,0,1,0,0,1,2
M04_3:cell_556,1,0,0,1,0,0,1,2
M04_3:cell_557,0,0,0,0,1,1,1,1
M04_3:cell_558,1,0,0,1,0,0,1,2
M04_3:cell_559,1,0,0,1,1,1,0,2
M04_3:cell_56,1,0,0,1,0,0,0,2
M04_3:cell_560,1,0,0,1,0,0,1,2
M04_3:cell_561,1,0,0,1,0,0,1,1
M04_3:cell_562,0,0,0,0,1,1,1,1
M04_3:cell_563,1,0,0,1,0,0,1,1
M04_3:cell_564,1,0,0,1,0,0,0,2
M04_3:cell_565,0,0,0,0,1,1,1,1
M04_3:cell_566,1,0,0,-1,0,0,1,2
M04_3:cell_567,0,0,0,0,0,0,1,1
M04_3:cell_568,0,0,0,0,1,1,1,1
M04_3:cell_569,0,0,0,0,1,1,1,1
M04_3:cell_57,1,0,0,1,0,0,1,2
M04_3:cell_570,1,0,0,1,0,0,0,2
M04_3:cell_571,0,0,0,0,1,1,1,1
M04_3:cell_572,1,0,0,1,0,0,0,2
M04_3:cell_573,0,0,0,1,0,0,0,2
M04_3:cell_574,0,0,0,0,0,0,1,1
M04_3:cell_575,0,0,0,0,1,1,0,1
M04_3:cell_576,1,0,0,-1,0,0,1,2
M04_3:cell_577,0,0,0,0,1,1,1,1
M04_3:cell_578,1,1,1,0,1,1,1,1
M04_3:cell_579,0,0,0,0,0,0,1,1
M04_3:cell_58,1,0,0,1,0,0,1,2
M04_3:cell_580,0,0,0,1,1,1,1,2
M04_3:cell_581,1,0,0,1,1,0,1,2
M04_3:cell_582,1,0,0,1,0,0,1,2
M04_3:cell_583,1,0,0,1,0,0,1,2
M04_3:cell_584,0,0,0,0,1,1,1,1
M04_3:cell_585,1,0,0,1,0,0,1,2
M04_3:cell_586,1,0,0,1,0,0,1,2
M04_3:cell_587,1,0,0,-1,0,0,1,2
M04_3:cell_588,0,0,0,1,0,0,1,2
M04_3:cell_589,0,0,0,0,1,1,1,1
M04_3:cell_59,0,0,0,0,1,1,1,1
M04_3:cell_590,0,0,0,0,1,1,1,1
M04_3:cell_591,1,0,0,0,0,0,1,2
M04_3:cell_592,1,0,0,1,1,1,1,2
M04_3:cell_593,1,0,0,1,1,1,1,1
M04_3:cell_594,0,0,0,1,0,0,0,2
M04_3:cell_595,0,0,0,0,1,1,1,1
M04_3:cell_596,1,0,0,1,1,1,1,2
M04_3:cell_597,1,0,0,1,0,0,0,2
M04_3:cell_598,0,0,0,0,1,1,0,1
M04_3:cell_599,1,0,0,1,0,0,0,2
M04_3:cell_6,1,0,0,1,-1,-1,0,2
M04_3:cell_60,0,0,0,0,1,1,1,2
M04_3:cell_600,0,0,0,1,0,0,1,2
M04_3:cell_601,1,0,0,1,0,0,1,2
M04_3:cell_602,0,0,0,0,1,1,1,1
M04_3:cell_603,1,0,0,1,1,1,0,2
M04_3:cell_604,0,0,0,0,0,0,1,1
M04_3:cell_605,1,0,0,1,0,0,1,2
M04_3:cell_606,0,0,0,0,1,1,0,1
M04_3:cell_607,0,0,0,0,1,1,1,1
M04_3:cell_608,0,0,0,1,0,0,1,2
M04_3:cell_609,1,0,0,1,0,0,0,2
M04_3:cell_61,0,0,0,0,1,1,0,1
M04_3:cell_610,1,0,0,1,0,0,0,2
M04_3:cell_611,0,0,0,0,0,0,0,1
M04_3:cell_612,0,0,0,0,1,1,1,1
M04_3:cell_613,1,0,0,1,0,0,0,2
M04_3:cell_614,1,0,0,1,0,0,0,2
M04_3:cell_615,1,0,0,1,0,0,1,2
M04_3:cell_616,1,0,0,1,0,0,1,1
M04_3:cell_617,1,0,0,1,1,1,0,2
M04_3:cell_618,1,0,0,1,0,0,1,2
M04_3:cell_619,1,0,0,1,0,0,1,2
M04_3:cell_62,0,0,0,-1,0,0,1,2
M04_3:cell_620,1,0,0,1,1,1,1,1
M04_3:cell_621,0,0,0,0,1,1,1,1
M04_3:cell_622,0,0,0,1,0,0,1,2
M04_3:cell_623,1,0,0,1,0,0,1,2
M04_3:cell_624,0,0,0,0,1,1,0,1
M04_3:cell_625,0,0,0,0,1,1,1,1
M04_3:cell_626,1,0,0,1,0,0,1,2
M04_3:cell_627,0,0,0,0,1,1,1,1
M04_3:cell_628,0,0,0,1,0,0,0,2
M04_3:cell_629,0,0,0,0,1,1,1,1
M04_3:cell_63,1,0,0,1,0,0,1,2
M04_3:cell_630,1,0,0,1,0,0,1,2
M04_3:cell_631,0,0,0,0,1,1,1,1
M04_3:cell_632,1,0,0,1,0,0,1,2
M04_3:cell_633,0,0,0,0,0,0,1,1
M04_3:cell_634,1,0,0,1,0,0,1,2
M04_3:cell_635,1,0,0,1,0,0,0,2
M04_3:cell_636,1,0,0,1,1,1,1,2
M04_3:cell_637,0,0,0,0,-1,-1,1,1
M04_3:cell_638,1,0,0,1,0,0,1,2
M04_3:cell_639,0,0,0,0,0,0,0,1
M04_3:cell_64,1,0,0,1,0,0,0,2
M04_3:cell_640,0,0,0,1,0,0,1,2
M04_3:cell_641,1,0,0,1,0,0,0,2
M04_3:cell_642,1,-1,-1,1,0,0,0,2
M04_3:cell_643,1,0,0,1,1,1,0,2
M04_3:cell_644,1,0,0,1,0,0,0,2
M04_3:cell_645,0,0,0,0,1,1,0,2
M04_3:cell_646,0,0,0,0,1,1,1,1
M04_3:cell_647,1,0,0,1,0,0,0,2
M04_3:cell_648,1,0,0,1,0,0,0,2
M04_3:cell_649,0,0,0,1,1,1,1,2
M04_3:cell_65,0,0,0,0,1,1,1,1
M04_3:cell_650,0,0,0,0,1,1,1,1
M04_3:cell_651,1,0,0,1,0,0,0,2
M04_3:cell_652,1,0,0,1,1,1,1,2
M04_3:cell_653,1,0,0,1,-1,-1,0,2
M04_3:cell_654,1,0,0,1,0,0,1,2
M04_3:cell_655,0,0,0,0,1,1,1,1
M04_3:cell_656,0,0,0,0,1,1,1,1
M04_3:cell_657,1,0,0,1,0,0,1,2
M04_3:cell_658,0,0,0,0,1,1,1,1
M04_3:cell_659,1,0,0,1,0,0,1,2
M04_3:cell_66,1,0,0,1,0,0,1,2
M04_3:cell_660,1,0,0,1,0,0,1,2
M04_3:cell_661,0,0,0,1,0,0,0,2
M04_3:cell_662,1,0,0,-1,0,0,1,2
M04_3:cell_663,0,0,0,1,0,0,1,2
M04_3:cell_664,1,0,0,1,0,0,0,2
M04_3:cell_665,1,0,0,1,0,0,0,2
M04_3:cell_666,0,0,0,0,1,1,0,1
M04_3:cell_667,0,0,0,0,1,1,1,1
M04_3:cell_668,1,0,0,1,0,0,1,2
M04_3:cell_669,0,0,0,0,1,1,1,1
M04_3:cell_67,1,0,0,1,1,1,1,2
M04_3:cell_670,0,0,0,1,0,0,0,2
M04_3:cell_671,0,0,0,0,1,1,1,1
M04_3:cell_672,0,0,0,1,1,1,1,2
M04_3:cell_673,0,0,0,0,1,1,1,1
M04_3:cell_674,1,0,0,1,0,0,1,2
M04_3:cell_675,1,0,0,1,0,0,1,2
M04_3:cell_676,0,0,0,0,1,1,-1,1
M04_3:cell_677,1,0,0,1,0,0,1,2
M04_3:cell_678,0,0,0,0,0,0,1,2
M04_3:cell_679,1,0,0,1,0,0,1,2
M04_3:cell_68,0,0,0,0,0,0,1,1
M04_3:cell_680,0,0,0,1,1,1,1,1
M04_3:cell_681,1,0,0,1,-1,-1,1,2
M04_3:cell_682,0,0,0,1,0,0,1,2
M04_3:cell_683,1,0,0,1,1,1,0,2
M04_3:cell_684,1,0,0,1,-1,-1,1,2
M04_3:cell_685,1,0,0,1,0,0,0,2
M04_3:cell_686,1,0,0,1,0,0,0,2
M04_3:cell_687,1,0,0,1,0,0,1,2
M04_3:cell_688,0,0,0,0,0,0,0,1
M04_3:cell_689,0,0,0,0,1,1,1,1
M04_3:cell_69,0,0,0,0,1,1,1,1
M04_3:cell_690,1,0,0,1,0,0,1,2
M04_3:cell_691,1,0,0,1,-1,-1,0,2
M04_3:cell_692,0,0,0,0,1,1,1,1
M04_3:cell_693,1,0,0,-1,0,0,1,2
M04_3:cell_694,0,0,0,0,1,1,0,1
M04_3:cell_695,1,0,0,1,0,0,0,2
M04_3:cell_696,1,0,0,1,0,0,0,2
M04_3:cell_697,0,0,0,0,1,1,1,1
M04_3:cell_698,0,0,0,0,1,1,1,1
M04_3:cell_699,0,0,0,0,1,1,1,1
M04_3:cell_7,1,0,0,1,0,0,0,2
M04_3:cell_70,1,0,0,1,1,1,0,2
M04_3:cell_700,0,0,0,0,1,1,1,1
M04_3:cell_701,1,0,0,1,0,0,1,2
M04_3:cell_702,1,0,0,1,0,0,1,2
M04_3:cell_703,0,0,0,0,1,1,1,1
M04_3:cell_704,0,0,0,0,1,1,1,1
M04_3:cell_705,1,0,0,1,0,0,1,2
M04_3:cell_706,0,0,0,0,1,1,0,1
M04_3:cell_707,1,-1,-1,1,0,0,1,2
M04_3:cell_708,0,0,0,-1,0,0,1,2
M04_3:cell_709,0,0,0,0,1,1,1,1
M04_3:cell_71,1,0,0,1,0,0,0,2
M04_3:cell_710,1,0,0,1,1,1,1,2
M04_3:cell_711,1,0,0,1,0,0,1,2
M04_3:cell_712,1,0,0,1,0,0,1,2
M04_3:cell_713,1,0,0,1,0,0,1,2
M04_3:cell_714,0,0,0,0,1,1,0,1
M04_3:cell_715,1,0,0,1,0,0,1,2
M04_3:cell_716,1,-1,-1,1,-1,-1,1,2
M04_3:cell_717,1,0,0,1,0,0,1,2
M04_3:cell_718,0,0,0,0,1,1,-1,1
M04_3:cell_719,0,0,0,1,1,1,1,1
M04_3:cell_72,0,0,0,0,1,1,1,1
M04_3:cell_720,1,0,0,1,0,0,0,2
M04_3:cell_721,1,0,0,1,0,0,1,2
M04_3:cell_722,1,0,0,1,0,0,1,2
M04_3:cell_723,1,0,0,1,0,0,0,2
M04_3:cell_724,1,0,0,1,0,0,1,2
M04_3:cell_725,1,0,0,1,1,1,0,2
M04_3:cell_726,1,0,0,1,0,0,0,2
M04_3:cell_727,1,0,0,1,0,0,1,2
M04_3:cell_728,0,0,0,0,1,1,1,1
M04_3:cell_729,1,0,0,0,1,1,1,0
M04_3:cell_73,1,0,0,1,0,0,1,2
M04_3:cell_730,0,0,0,1,-1,-1,1,2
M04_3:cell_731,0,0,0,0,0,0,1,1
M04_3:cell_732,0,0,0,1,0,0,1,2
M04_3:cell_733,0,0,0,0,1,1,1,1
M04_3:cell_734,1,0,0,1,0,0,0,2
M04_3:cell_735,1,0,0,1,-1,-1,1,2
M04_3:cell_736,0,0,0,1,0,0,1,2
M04_3:cell_737,1,0,0,1,0,0,1,2
M04_3:cell_738,0,0,0,0,1,1,1,1
M04_3:cell_739,1,0,0,1,0,0,0,2
M04_3:cell_74,1,0,0,-1,0,0,0,2
M04_3:cell_740,0,0,0,0,0,0,1,1
M04_3:cell_741,1,0,0,1,0,0,0,2
M04_3:cell_742,1,0,0,1,0,0,1,2
M04_3:cell_743,0,0,0,0,1,1,0,1
M04_3:cell_744,1,-1,-1,1,0,0,1,2
M04_3:cell_745,0,0,0,0,1,1,1,1
M04_3:cell_746,0,0,0,0,1,1,1,1
M04_3:cell_747,1,0,0,1,0,0,1,2
M04_3:cell_748,0,0,0,0,1,1,1,1
M04_3:cell_749,0,0,0,0,1,1,1,1
M04_3:cell_75,1,0,0,1,0,0,1,2
M04_3:cell_750,0,0,0,0,1,1,1,1
M04_3:cell_751,1,0,0,1,0,0,1,2
M04_3:cell_752,1,0,0,1,1,1,0,2
M04_3:cell_753,0,0,0,0,0,0,1,1
M04_3:cell_754,1,0,0,1,0,0,0,2
M04_3:cell_755,1,1,1,0,1,1,1,2
M04_3:cell_756,1,0,0,1,0,0,1,2
M04_3:cell_757,1,0,0,1,0,0,1,2
M04_3:cell_758,0,0,0,0,1,1,1,1
M04_3:cell_759,1,0,0,1,0,0,1,2
M04_3:cell_76,1,0,0,1,0,0,0,2
M04_3:cell_760,0,0,0,0,1,1,1,1
M04_3:cell_761,1,0,0,1,0,0,0,2
M04_3:cell_762,0,0,0,0,0,0,0,1
M04_3:cell_763,1,0,0,0,0,0,0,2
M04_3:cell_764,0,0,0,0,1,1,1,1
M04_3:cell_765,1,0,0,1,0,0,0,2
M04_3:cell_766,0,0,0,0,1,1,1,1
M04_3:cell_767,1,0,0,1,0,0,1,0
M04_3:cell_768,0,0,0,1,0,0,1,2
M04_3:cell_769,0,0,0,0,1,1,1,1
M04_3:cell_77,1,0,0,1,0,0,1,2
M04_3:cell_770,1,0,0,1,0,0,0,2
M04_3:cell_771,1,0,0,1,0,0,1,2
M04_3:cell_772,1,0,0,1,0,0,0,2
M04_3:cell_773,0,0,0,1,0,0,1,2
M04_3:cell_774,1,0,0,1,0,0,1,2
M04_3:cell_775,1,0,0,-1,0,0,1,2
M04_3:cell_776,0,0,0,1,0,0,0,2
M04_3:cell_777,0,0,0,0,1,1,1,1
M04_3:cell_778,1,1,1,0,1,1,0,2
M04_3:cell_779,1,0,0,1,-1,-1,0,2
M04_3:cell_78,1,0,0,1,0,0,1,2
M04_3:cell_780,1,0,0,1,0,0,0,2
M04_3:cell_781,1,0,0,1,0,0,0,2
M04_3:cell_782,0,0,0,0,1,1,1,1
M04_3:cell_783,0,0,0,0,1,1,1,1
M04_3:cell_784,1,0,0,1,0,0,0,2
M04_3:cell_785,1,0,0,1,0,0,1,2
M04_3:cell_786,1,0,0,1,0,0,1,2
M04_3:cell_787,0,0,0,0,1,1,1,1
M04_3:cell_788,0,0,0,0,1,1,1,1
M04_3:cell_789,1,0,0,1,0,0,1,2
M04_3:cell_79,0,0,0,0,1,1,1,1
M04_3:cell_790,0,0,0,0,1,1,1,1
M04_3:cell_791,1,0,0,-1,0,0,1,2
M04_3:cell_792,1,0,0,1,0,0,1,2
M04_3:cell_793,1,0,0,1,0,0,1,2
M04_3:cell_794,0,0,0,0,-1,-1,1,1
M04_3:cell_795,1,0,0,1,0,0,1,2
M04_3:cell_796,1,0,0,1,0,0,1,2
M04_3:cell_797,1,0,0,1,0,0,1,2
M04_3:cell_798,0,0,0,0,1,1,1,1
M04_3:cell_799,0,0,0,0,1,1,1,1
M04_3:cell_8,1,1,1,0,1,1,1,2
M04_3:cell_80,1,0,0,1,0,0,1,2
M04_3:cell_800,0,0,0,1,0,0,1,2
M04_3:cell_801,1,0,0,1,0,0,1,2
M04_3:cell_802,0,0,0,0,1,1,1,1
M04_3:cell_803,0,0,0,0,1,1,-1,1
M04_3:cell_804,1,0,0,1,0,0,1,2
M04_3:cell_805,0,0,0,0,1,1,0,1
M04_3:cell_806,1,0,0,1,-1,-1,1,2
M04_3:cell_807,0,0,0,0,1,1,1,1
M04_3:cell_808,1,0,0,1,0,0,1,2
M04_3:cell_809,0,0,0,0,1,1,1,1
M04_3:cell_81,0,0,0,0,1,1,1,1
M04_3:cell_810,1,0,0,-1,0,0,1,2
M04_3:cell_811,1,0,0,1,0,0,1,2
M04_3:cell_812,0,0,0,0,0,0,1,1
M04_3:cell_813,0,0,0,0,1,1,0,1
M04_3:cell_814,0,0,0,0,1,1,1,1
M04_3:cell_815,-1,0,0,0,1,1,1,1
M04_3:cell_816,0,0,0,0,1,1,1,1
M04_3:cell_817,0,0,0,0,0,0,0,1
M04_3:cell_818,1,0,0,1,0,0,0,2
M04_3:cell_819,0,0,0,0,1,1,0,1
M04_3:cell_82,0,0,0,1,0,0,1,2
M04_3:cell_820,1,0,0,1,0,0,0,2
M04_3:cell_821,0,0,0,0,1,1,1,1
M04_3:cell_822,0,0,0,0,1,1,1,1
M04_3:cell_823,1,0,0,1,0,0,1,2
M04_3:cell_824,0,0,0,1,0,0,0,2
M04_3:cell_825,0,0,0,0,0,0,1,1
M04_3:cell_826,1,0,0,1,0,0,1,2
M04_3:cell_827,0,0,0,0,1,1,1,1
M04_3:cell_828,1,0,0,1,-1,-1,1,2
M04_3:cell_829,1,0,0,1,0,0,0,2
M04_3:cell_83,0,0,0,0,1,1,0,1
M04_3:cell_830,0,0,0,0,1,1,1,1
M04_3:cell_831,0,0,0,1,0,0,1,2
M04_3:cell_832,1,0,0,1,1,1,0,2
M04_3:cell_833,0,0,0,0,1,1,1,1
M04_3:cell_834,0,0,0,0,0,0,1,1
M04_3:cell_835,1,0,0,1,1,1,0,1
M04_3:cell_836,0,0,0,1,0,0,0,2
M04_3:cell_837,1,0,0,1,0,0,1,2
M04_3:cell_838,1,0,0,1,0,0,1,2
M04_3:cell_839,1,0,0,1,0,0,0,2
M04_3:cell_84,1,0,0,1,0,0,1,2
M04_3:cell_840,1,0,0,1,0,0,1,2
M04_3:cell_841,0,0,0,0,1,1,1,1
M04_3:cell_842,1,0,0,1,-1,-1,1,2
M04_3:cell_843,1,0,0,1,0,0,0,2
M04_3:cell_844,0,0,0,0,1,1,1,1
M04_3:cell_845,1,0,0,1,1,1,1,2
M04_3:cell_846,1,0,0,-1,0,0,0,2
M04_3:cell_847,0,0,0,1,0,0,1,2
M04_3:cell_848,1,0,0,1,0,0,1,2
M04_3:cell_849,1,0,0,-1,-1,-1,1,2
M04_3:cell_85,1,0,0,1,0,0,1,1
M04_3:cell_850,0,0,0,0,1,1,0,1
M04_3:cell_851,1,0,0,-1,0,0,1,2
M04_3:cell_852,1,0,0,1,1,1,1,2
M04_3:cell_853,1,0,0,1,0,0,0,2
M04_3:cell_854,0,0,0,0,1,1,1,1
M04_3:cell_855,1,0,0,0,1,1,1,0
M04_3:cell_856,0,0,0,0,1,1,1,1
M04_3:cell_857,0,0,0,-1,1,1,1,2
M04_3:cell_858,1,0,0,1,0,0,1,2
M04_3:cell_859,1,0,0,1,0,0,0,2
M04_3:cell_86,0,0,0,0,1,1,0,1
M04_3:cell_860,1,0,0,1,0,0,1,2
M04_3:cell_861,1,0,0,1,0,0,1,2
M04_3:cell_862,0,0,0,1,0,0,1,2
M04_3:cell_863,1,0,0,1,0,0,1,2
M04_3:cell_864,1,0,0,1,0,0,0,2
M04_3:cell_865,1,-1,-1,1,0,0,0,2
M04_3:cell_866,1,0,0,1,0,0,1,2
M04_3:cell_867,1,0,0,1,0,0,1,2
M04_3:cell_868,0,0,0,0,0,0,1,1
M04_3:cell_869,1,0,0,1,0,0,1,1
M04_3:cell_87,1,0,0,1,0,0,0,2
M04_3:cell_870,0,0,0,0,-1,-1,0,1
M04_3:cell_871,0,0,0,0,1,1,1,1
M04_3:cell_872,0,0,0,0,1,1,1,1
M04_3:cell_873,1,0,0,1,0,0,1,2
M04_3:cell_874,0,0,0,1,0,0,1,2
M04_3:cell_875,0,0,0,0,1,1,1,1
M04_3:cell_876,1,0,0,1,0,0,0,2
M04_3:cell_877,1,0,0,1,0,0,0,2
M04_3:cell_878,1,0,0,1,0,0,0,2
M04_3:cell_879,0,0,0,0,1,1,1,1
M04_3:cell_88,0,0,0,1,0,0,1,2
M04_3:cell_880,1,0,0,1,0,0,1,2
M04_3:cell_881,1,0,0,1,0,0,1,2
M04_3:cell_882,0,0,0,0,1,1,1,1
M04_3:cell_883,1,0,0,1,0,0,1,2
M04_3:cell_884,1,0,0,1,0,0,1,2
M04_3:cell_885,0,0,0,0,1,1,1,1
M04_3:cell_886,0,0,0,0,1,1,1,1
M04_3:cell_887,0,0,0,0,1,1,0,1
M04_3:cell_888,1,0,0,1,0,0,1,2
M04_3:cell_889,0,0,0,1,1,1,1,1
M04_3:cell_89,0,0,0,1,0,0,0,2
M04_3:cell_890,1,0,0,1,0,0,1,2
M04_3:cell_891,0,0,0,0,1,1,-1,1
M04_3:cell_892,0,0,0,0,1,1,1,1
M04_3:cell_893,0,0,0,0,1,1,0,1
M04_3:cell_894,0,0,0,0,1,1,1,1
M04_3:cell_895,0,0,0,0,1,1,1,1
M04_3:cell_896,0,0,0,1,0,0,0,2
M04_3:cell_897,0,0,0,0,1,1,1,1
M04_3:cell_898,1,0,0,1,0,0,1,2
M04_3:cell_899,1,0,0,1,0,0,0,2
M04_3:cell_9,0,0,0,0,1,1,1,1
M04_3:cell_90,-1,0,0,1,-1,-1,0,2
M04_3:cell_900,1,0,0,1,0,0,1,2
M04_3:cell_901,1,0,0,1,0,0,1,2
M04_3:cell_902,1,0,0,1,0,0,1,2
M04_3:cell_903,1,0,0,1,0,0,1,2
M04_3:cell_904,0,0,0,0,1,1,1,1
M04_3:cell_905,1,0,0,1,0,0,1,2
M04_3:cell_906,0,0,0,0,1,1,1,1
M04_3:cell_907,1,1,1,0,1,1,1,2
M04_3:cell_908,1,0,0,1,0,0,1,2
M04_3:cell_909,0,0,0,1,0,0,1,2
M04_3:cell_91,0,0,0,1,0,0,1,2
M04_3:cell_910,0,0,0,0,0,0,0,1
M04_3:cell_911,1,0,0,1,0,0,0,2
M04_3:cell_912,1,0,0,1,0,0,0,2
M04_3:cell_913,1,0,0,1,0,0,1,2
M04_3:cell_914,1,0,0,1,0,0,1,2
M04_3:cell_915,0,0,0,0,1,1,0,1
M04_3:cell_916,1,0,0,1,0,0,0,2
M04_3:cell_917,0,0,0,0,1,1,1,1
M04_3:cell_918,1,0,0,1,1,1,1,1
M04_3:cell_919,1,0,0,1,0,0,1,2
M04_3:cell_92,0,0,0,0,0,0,1,1
M04_3:cell_920,1,0,0,1,0,0,1,2
M04_3:cell_921,-1,0,0,1,-1,-1,1,2
M04_3:cell_922,1,0,0,1,0,0,0,2
M04_3:cell_923,1,0,0,1,1,1,1,2
M04_3:cell_924,0,0,0,0,1,1,0,1
M04_3:cell_925,1,0,0,1,0,0,0,2
M04_3:cell_926,0,0,0,0,1,1,1,2
M04_3:cell_927,1,0,0,0,1,1,1,0
M04_3:cell_928,0,0,0,1,0,0,0,2
M04_3:cell_929,1,0,0,1,0,0,0,2
M04_3:cell_93,1,0,0,1,1,1,1,2
M04_3:cell_930,1,0,0,1,0,0,0,2
M04_3:cell_931,0,0,0,0,1,1,1,1
M04_3:cell_932,1,0,0,1,0,0,1,2
M04_3:cell_933,1,0,0,1,1,1,1,2
M04_3:cell_934,0,0,0,0,0,0,1,1
M04_3:cell_935,1,0,0,1,0,0,0,2
M04_3:cell_936,1,0,0,1,0,0,0,2
M04_3:cell_937,1,0,0,1,0,0,0,2
M04_3:cell_938,1,0,0,0,1,1,1,0
M04_3:cell_939,0,0,0,0,1,1,1,1
M04_3:cell_94,1,0,0,1,1,1,1,2
M04_3:cell_940,1,0,0,1,0,0,0,2
M04_3:cell_941,0,0,0,0,1,1,0,1
M04_3:cell_942,0,0,0,0,1,1,1,1
M04_3:cell_943,1,0,0,1,0,0,1,2
M04_3:cell_944,1,0,0,1,0,0,0,0
M04_3:cell_945,0,0,0,0,1,1,1,1
M04_3:cell_946,0,0,0,0,1,1,1,1
M04_3:cell_947,0,0,0,0,0,0,0,1
M04_3:cell_948,1,0,0,1,0,0,0,2
M04_3:cell_949,0,0,0,0,1,1,1,1
M04_3:cell_95,0,0,0,-1,1,1,-1,1
M04_3:cell_950,0,0,0,0,1,1,1,1
M04_3:cell_951,0,0,0,0,1,1,1,1
M04_3:cell_952,1,0,0,1,0,0,1,2
M04_3:cell_953,0,0,0,0,-1,-1,1,1
M04_3:cell_954,0,0,0,0,1,1,1,1
M04_3:cell_955,0,0,0,0,1,1,1,1
M04_3:cell_956,1,0,0,1,0,0,1,2
M04_3:cell_957,1,-1,-1,1,0,0,-1,2
M04_3:cell_958,0,0,0,0,1,1,1,1
M04_3:cell_959,1,0,0,1,0,0,0,2
M04_3:cell_96,1,0,0,1,0,0,1,2
M04_3:cell_960,0,0,0,0,0,0,1,1
M04_3:cell_961,1,0,0,1,0,0,0,2
M04_3:cell_962,1,0,0,1,0,0,0,2
M04_3:cell_963,0,0,0,1,1,1,0,1
M04_3:cell_964,0,0,0,0,1,1,1,1
M04_3:cell_965,1,0,0,1,0,0,1,2
M04_3:cell_966,1,0,0,1,0,0,1,2
M04_3:cell_967,0,0,0,0,1,1,1,1
M04_3:cell_968,1,0,0,1,0,0,1,2
M04_3:cell_969,0,0,0,0,1,1,1,1
M04_3:cell_97,0,0,0,0,1,1,0,1
M04_3:cell_970,1,1,1,0,1,1,1,2
M04_3:cell_971,1,0,0,1,0,0,1,2
M04_3:cell_972,1,0,0,1,0,0,1,2
M04_3:cell_973,1,0,0,1,0,0,1,2
M04_3:cell_974,1,0,0,1,0,0,1,2
M04_3:cell_975,0,0,0,0,1,1,0,1
M04_3:cell_976,0,0,0,0,1,1,1,1
M04_3:cell_977,0,0,0,0,1,1,1,1
M04_3:cell_978,1,0,0,1,1,1,1,2
M04_3:cell_979,0,0,0,0,1,1,0,1
M04_3:cell_98,0,0,0,0,1,1,1,1
M04_3:cell_980,1,0,0,1,0,0,1,2
M04_3:cell_981,1,0,0,1,-1,-1,1,2
M04_3:cell_982,1,0,0,1,0,0,1,2
M04_3:cell_983,1,0,0,1,0,0,0,2
M04_3:cell_984,1,0,0,1,0,0,1,2
M04_3:cell_985,1,0,0,1,0,0,1,2
M04_3:cell_986,1,0,0,1,-1,-1,0,2
M04_3:cell_987,0,0,0,0,1,1,0,1
M04_3:cell_988,1,0,0,1,0,0,1,2
M04_3:cell_989,0,0,0,0,1,1,1,1
M04_3:cell_99,1,0,0,1,-1,-1,0,2
M04_3:cell_990,0,0,0,-1,0,0,1,2
M04_3:cell_991,1,0,0,1,0,0,1,2
M04_3:cell_992,0,0,0,0,1,1,1,1
M04_3:cell_993,1,0,0,1,-1,-1,1,0
M04_3:cell_994,1,0,0,1,-1,-1,1,2
M04_3:cell_995,0,0,0,0,1,1,1,1
M04_3:cell_996,1,0,0,1,-1,-1,1,1
M04_3:cell_997,1,-1,-1,1,0,0,0,2
M04_3:cell_998,0,0,0,0,1,1,1,1
M04_3:cell_999,1,0,0,1,0,0,0,2
